Workbook
Name CEF: PumpingUp!$I$2:$I$119
Name CRT: Facility!$B$14:$B$14
Name CYC: Facility!$B$11:$B$11
Name MIR: PumpingUp!$M$2:$M$119
Name MOR: PumpingUp!$L$2:$L$119
Name MSR: PumpingUp!$L$2:$M$119
Name RR: Reservoirs!$A$2
Name RVC: Reservoirs!$E$2:$E$41
Name RVN: PumpingUp!$J$2:$J$119
Name SDC: Facility!$B$13:$B$13
Name SEXU: PumpingUp!$Q$2:$Q$119
Name SLFCR: PumpingUp!$N$2:$N$119
Name SLT_1: Facility!$B$5:$B$5
Name SLT_2: Facility!$B$8:$B$8
Name SMXU: PumpingUp!$P$2:$P$119
Name SN: PumpingUp!$C$2:$C$119
Name SOM_1: Facility!$B$6:$B$6
Name SOM_2: Facility!$B$9:$B$9
Name SS: PumpingUp!$A$1
Name SSYN: PumpingUp!$O$2:$O$119
Name STY: PumpingUp!$F$2:$F$119
Name STYN: Facility!$A$1
Name SUC_1: Facility!$B$4:$B$4
Name SUC_2: Facility!$B$7:$B$7
Name SUCF: PumpingUp!#REF!
Name UCAS: PumpingUp!$G$2:$G$119
Name UNS: PumpingUp!$H$2:$H$119
Name US: Facility!$B$10:$B$10

Sheet PumpingUp
A1: =ROWS(SN) -> 118 | C1: Node | D1: Type | E1: Name | F1: Device Type | G1: Unit Capacity [GW/unit] | H1: Maximum Capacity | I1: Cycle Efficiency | J1: Reservoirs No | K1: 貯水池名 | L1: Minimum Output Rate | M1: Minimum Input Rate | N1: LFC regulation Rate | O1: Synchronous Inertia [s] | P1: Maximum Unit Number | Q1: Exsiting Unit Number
B2: msb | C2: =VLOOKUP(B2,[1]SYS!$F$5:$G$361,2,FALSE) -> 3 | D2: Pumped | E2: 1NIIKAP1 | F2: 0 | G2: 0.1 | H2: 1 | I2: 0.7 | J2: 0 | K2: =VLOOKUP(J2,Reservoirs!B$2:D$41,3,FALSE) -> 新冠 | L2: 0.5 | M2: 0.99 | N2: 0.2 | O2: 10 | P2: 1 | Q2: 1
B3: msb | C3: =VLOOKUP(B3,[1]SYS!$F$5:$G$361,2,FALSE) -> 3 | D3: Pumped | E3: 1NIIKAP2 | F3: 0 | G3: 0.1 | H3: 1 | I3: 0.7 | J3: 0 | K3: =VLOOKUP(J3,Reservoirs!B$2:D$41,3,FALSE) -> 新冠 | L3: 0.5 | M3: 0.99 | N3: 0.2 | O3: 10 | P3: 1 | Q3: 1
B4: msb | C4: =VLOOKUP(B4,[1]SYS!$F$5:$G$361,2,FALSE) -> 3 | D4: Pumped | E4: 1TAKAMI1 | F4: 0 | G4: 0.1 | H4: 1 | I4: 0.7 | J4: 1 | K4: =VLOOKUP(J4,Reservoirs!B$2:D$41,3,FALSE) -> 高見 | L4: 0.5 | M4: 0.99 | N4: 0.2 | O4: 10 | P4: 1 | Q4: 1
B5: msb | C5: =VLOOKUP(B5,[1]SYS!$F$5:$G$361,2,FALSE) -> 3 | D5: Pumped | E5: 1TAKAM2U | F5: 0 | G5: 0.114 | H5: 1 | I5: 0.7 | J5: 1 | K5: =VLOOKUP(J5,Reservoirs!B$2:D$41,3,FALSE) -> 高見 | L5: 0.5 | M5: 0.55 | N5: 0.2 | O5: 0 | P5: 1 | Q5: 1
B6: nno | C6: =VLOOKUP(B6,[1]SYS!$F$5:$G$361,2,FALSE) -> 1 | D6: Pumped | E6: 1KYOUGO1 | F6: 0 | G6: 0.2 | H6: 1 | I6: 0.7 | J6: 2 | K6: =VLOOKUP(J6,Reservoirs!B$2:D$41,3,FALSE) -> 京極 | L6: 0.5 | M6: 0.6 | N6: 0.2 | O6: 0 | P6: 1 | Q6: 1
B7: nno | C7: =VLOOKUP(B7,[1]SYS!$F$5:$G$361,2,FALSE) -> 1 | D7: Pumped | E7: 1KYOUGO2 | F7: 0 | G7: 0.2 | H7: 1 | I7: 0.7 | J7: 2 | K7: =VLOOKUP(J7,Reservoirs!B$2:D$41,3,FALSE) -> 京極 | L7: 0.5 | M7: 0.6 | N7: 0.2 | O7: 0 | P7: 1 | Q7: 1
B8: nno | C8: =VLOOKUP(B8,[1]SYS!$F$5:$G$361,2,FALSE) -> 1 | D8: Pumped | E8: 1KYOUGO3 | F8: 0 | G8: 0.2 | H8: 1 | I8: 0.7 | J8: 2 | K8: =VLOOKUP(J8,Reservoirs!B$2:D$41,3,FALSE) -> 京極 | L8: 0.5 | M8: 0.6 | N8: 0.2 | O8: 0 | P8: 1 | Q8: 1
B9: hnn | C9: =VLOOKUP(B9,[1]SYS!$F$5:$G$361,2,FALSE) -> 55 | D9: Pumped | E9: 2NUMAZ21 | F9: 0 | G9: 0.23 | H9: 1 | I9: 0.7 | J9: 3 | K9: =VLOOKUP(J9,Reservoirs!B$2:D$41,3,FALSE) -> 第二沼沢 | L9: 0.5 | M9: 0.99 | N9: 0.2 | O9: 10 | P9: 1 | Q9: 1
B10: hnn | C10: =VLOOKUP(B10,[1]SYS!$F$5:$G$361,2,FALSE) -> 55 | D10: Pumped | E10: 2NUMAZ22 | F10: 0 | G10: 0.23 | H10: 1 | I10: 0.7 | J10: 3 | K10: =VLOOKUP(J10,Reservoirs!B$2:D$41,3,FALSE) -> 第二沼沢 | L10: 0.5 | M10: 0.99 | N10: 0.2 | O10: 10 | P10: 1 | Q10: 1
B11: sii | C11: =VLOOKUP(B11,[1]SYS!$F$5:$G$361,2,FALSE) -> 66 | D11: Pumped | E11: 3IMAICH1 | F11: 0 | G11: 0.35 | H11: 1 | I11: 0.7 | J11: 4 | K11: =VLOOKUP(J11,Reservoirs!B$2:D$41,3,FALSE) -> 今市 | L11: 0.5 | M11: 0.99 | N11: 0.2 | O11: 10 | P11: 1 | Q11: 1
B12: sii | C12: =VLOOKUP(B12,[1]SYS!$F$5:$G$361,2,FALSE) -> 66 | D12: Pumped | E12: 3IMAICH2 | F12: 0 | G12: 0.35 | H12: 1 | I12: 0.7 | J12: 4 | K12: =VLOOKUP(J12,Reservoirs!B$2:D$41,3,FALSE) -> 今市 | L12: 0.5 | M12: 0.99 | N12: 0.2 | O12: 10 | P12: 1 | Q12: 1
B13: sii | C13: =VLOOKUP(B13,[1]SYS!$F$5:$G$361,2,FALSE) -> 66 | D13: Pumped | E13: 3IMAICH3 | F13: 0 | G13: 0.35 | H13: 1 | I13: 0.7 | J13: 4 | K13: =VLOOKUP(J13,Reservoirs!B$2:D$41,3,FALSE) -> 今市 | L13: 0.5 | M13: 0.99 | N13: 0.2 | O13: 10 | P13: 1 | Q13: 1
... B119: myz | C119: =VLOOKUP(B119,[1]SYS!$F$5:$G$361,2,FALSE) -> 317 | D119: Pumped | E119: 9OMARU4 | F119: 0 | G119: 0.3 | H119: 1 | I119: 0.7 | J119: 39 | K119: =VLOOKUP(J119,Reservoirs!B$2:D$41,3,FALSE) -> 小丸川 | L119: 0.5 | M119: 0.6 | N119: 0.2 | O119: 0 | P119: 1 | Q119: 1

Sheet Reservoirs
B1: Reservoir ID No | C1: Name | D1: 和名 | E1: Capacity [GWh]
A2: =ROWS(RVC) -> 40 | B2: 0 | C2: NIIKAP | D2: 新冠 | E2: 1.6
B3: 1 | C3: TAKAMI | D3: 高見 | E3: 1.712
B4: 2 | C4: KYOUGO | D4: 京極 | E4: 4.8
B5: 3 | C5: NUMAZ2 | D5: 第二沼沢 | E5: 3.68
B6: 4 | C6: IMAICH | D6: 今市 | E6: 8.4
B7: 5 | C7: YAGISA | D7: 矢木沢 | E7: 1.92
B8: 6 | C8: TAMAHA | D8: 玉原 | E8: 9.6
B9: 7 | C9: SHIOBA | D9: 塩原 | E9: 7.2
B10: 8 | C10: AZUMI | D10: 安曇 | E10: 4.984
B11: 9 | C11: MIDONO | D11: 水殿 | E11: 1.96
B12: 10 | C12: STAKAS | D12: 新高瀬川 | E12: 10.24
B13: 11 | C13: KATU | D13: 葛野川 | E13: 12.8
B14: 12 | C14: KANNA | D14: 神流川 | E14: 7.52
... B41: 39 | C41: OMARU | D41: 小丸川 | E41: 9.6

Sheet Facility
A1: =COLUMNS(US) -> 1
A2: Facility Type No. | B2: 0
A3: Facility Type Name | B3: Pumping-UP CS
A4: Unit Construction Cost [kYen/kW] | B4: 190
A5: Life Time [year] | B5: 60
A6: Annual O&M Cost Rate | B6: 0.01
A7: Unit Construction Cost [kYen/kWh] | B7: 1
A8: Life Time [year] | B8: 60
A9: Annual O&M Cost Rate | B9: 0.01
A10: Annual Average Usage Rate | B10: 0.9
A11: Life Cycle [times] | B11: -1
A12: Cycle Efficiency | B12: 0.7
A13: Self Discharge Loss [1/hour] | B13: 0.001
A14: C-Rate | B14: -1
