Workbook
Name BTY: 'THP2'!$B$8:$J$8
Name CCSC: 'THP2'!$B$15:$J$15
Name CCSEl: 'THP2'!$B$17:$J$17
Name CCSLT: 'THP2'!$B$16:$J$16
Name CO2F: UNIT!$M$2:$M$1393
Name COAL: UNIT!$A$5
Name EXIU: UNIT!$U$2:$U$1393
Name EXU: UNIT!$T$2:$T$1393
Name FCC: 'Fuel & Resister'!$B$6:$G$6
Name FCT: 'Fuel & Resister'!$B$4:$G$4
Name FF: 'Fuel & Resister'!$B$1
Name FHC: 'Fuel & Resister'!$B$5:$G$5
Name FTY: 'Fuel & Resister'!$B$3:$G$3
Name HR: UNIT!$K$2:$L$1393
Name LFC: 'THP2'!$B$13:$J$13
Name LFCR: UNIT!$P$2:$P$1393
Name LNG: UNIT!$A$9
Name M: 'Usage Rate'!$D$3
Name MDY: 'THP2'!$B$14:$J$14
Name MO: 'THP2'!$B$12:$J$12
Name MOL: UNIT!$H$2:$H$1393
Name MS: 'THP2'!$B$11:$J$11
Name MSD: UNIT!$O$2:$O$1393
Name MXU: UNIT!$S$2:$S$1393
Name NUCLEAR: UNIT!$A$13
Name OCR: UNIT!$J$2:$J$1393
Name OIL: UNIT!$A$17
Name PEF: UNIT!$L$2:$L$1393
Name PLO: UNIT!$K$2:$K$1393
Name PLT: 'THP2'!$B$6:$J$6
Name PN: UNIT!$C$2:$C$1393
Name POM: 'THP2'!$B$7:$J$7
Name PP: UNIT!$A$2
Name PTY: UNIT!$G$2:$G$1393
Name PTYN: 'THP2'!$A$3
Name PUC: 'THP2'!$B$5:$J$5
Name REG: 'THP2'!$B$9:$J$10
Name RFC: 'Fuel & Resister'!$J$2:$J$3
Name SC: 'THP2'!$B$13:$J$13
Name STUC: UNIT!$N$2:$N$1393
Name SYN: UNIT!$Q$2:$Q$1393
Name UCAP: UNIT!$I$2:$I$1393
Name UR: 'Usage Rate'!$F$5:$I$369
Name USR: 'Usage Rate'!$E$5:$J$369

Sheet UNIT
C1: Node | D1: Type | E1: Name | G1: Plant Type | H1: Minimum Output Level | I1: Unit Capacity [GW/unit] | J1: Own Consumption Rate | K1: Heat Rate(Minimum load)[Mcal/kWh] | L1: Heat Rate [Mcal/kWh] | M1: Maximum CO2 flow[Mt-CO2/year] | N1: Start-up cost [million Yen] | O1: Start date of Maintenance | P1: LFC rate | Q1: Synchronous Inertia [s] | R1: CCS flag (1:installable 0:not) | S1: Maximum Unit Number | T1: Exsiting Unit Number | U1: Exiciting Unit Parameter(for mixed fuel) | W1: 最低出力 | Y1: 所内率 | Z1: ヒートレート（最低出力時） | AA1: ヒートレート（定格時） | AB1: 起動費 | AC1: 補修日数 | AD1: 最低負荷時効率 | AE1: 効率 | AI1: co2 intensity [kg/unit] | AJ1: heat content[Mcal/unit] | AO1: Maximum Unit Number | AP1: Exsiting Unit Number
A2: =ROWS(PN) -> 1392 | B2: msb | C2: =VLOOKUP(B2,[1]SYS!$F$5:$G$359,2,FALSE) -> 3 | D2: Coal | E2: 1ATUMA4 | F2: 苫東厚真発電所 | G2: 1 | H2: =W2/X2 -> 0.15 | I2: =X2/1000 -> 0.7 | J2: =1-Y2 -> 0.05 | K2: =Z2/1000 -> 2.82944 | L2: =AA2/1000 -> 1.99927 | M2: =(I2*10^6*L2/AJ2*AI2/10^6)*24*365/1000 -> 4.368666 | N2: 7.28 | O2: 403 | P2: 0.05 | Q2: 8 | R2: 1 | S2: 1 | T2: 0 | U2: 1 | V2: 1 | W2: 105 | X2: 700 | Y2: 0.95 | Z2: 2829.44 | AA2: 1999.27 | AB2: 728 | AC2: 55 | AD2: =1/Z2*860 -> 0.30394707 | AE2: =1/AA2*860 -> 0.43015701 | AF2: =(L2-H2*K2)/(1-H2) -> 1.8527694 | AG2: =I2*(L2-AF2) -> 0.10255041 | AH2: =AB2/100 -> 7.28 | AI2: =HLOOKUP(HLOOKUP(G2,'THP2'!$B$4:$J$8,5,FALSE),'Fuel & Resister'!$B$3:$G$6,4,FALSE) -> 2.26424 | AJ2: =HLOOKUP(HLOOKUP(G2,'THP2'!$B$4:$J$8,5,FALSE),'Fuel & Resister'!$B$3:$G$6,3,FALSE) -> 6.354 | AK2: =0.85985/L2 -> 0.43008198 | AL2: =405*24*365*0.7 -> 2483460 | AM2: =14761/126.5 -> 116.68775 | AO2: 1 | AP2: 1
B3: msb | C3: =VLOOKUP(B3,[1]SYS!$F$5:$G$359,2,FALSE) -> 3 | D3: Coal | E3: 1SN-TMK | G3: 1 | H3: =W3/X3 -> 0.3 | I3: =X3/1000 -> 0.02 | J3: =1-Y3 -> 0 | K3: =Z3/1000 -> 2.60054 | L3: =AA3/1000 -> 2.16983 | M3: =(I3*10^6*L3/AJ3*AI3/10^6)*24*365/1000 -> 0.13546748 | N3: 0.16 | O3: 903 | P3: 0.05 | Q3: 8 | R3: 1 | S3: 1 | T3: 0 | U3: 1 | V3: 2 | W3: 6 | X3: 20 | Y3: 1 | Z3: 2600.54 | AA3: 2169.83 | AB3: 16 | AC3: 55 | AD3: =1/Z3*860 -> 0.33070055 | AE3: =1/AA3*860 -> 0.39634441 | AF3: =(L3-H3*K3)/(1-H3) -> 1.98524 | AG3: =I3*(L3-AF3) -> 0.0036918 | AH3: =AB3/100 -> 0.16 | AI3: =HLOOKUP(HLOOKUP(G3,'THP2'!$B$4:$J$8,5,FALSE),'Fuel & Resister'!$B$3:$G$6,4,FALSE) -> 2.26424 | AJ3: =HLOOKUP(HLOOKUP(G3,'THP2'!$B$4:$J$8,5,FALSE),'Fuel & Resister'!$B$3:$G$6,3,FALSE) -> 6.354 | AK3: =0.85985/L3 -> 0.39627528 | AM3: =41500/405 -> 102.46914 | AO3: 1 | AP3: 1
A4: coal | B4: msb | C4: =VLOOKUP(B4,[1]SYS!$F$5:$G$359,2,FALSE) -> 3 | D4: Coal | E4: 1IP-SEIT | F4: 日本製鉄室蘭製鉄所 | G4: 1 | H4: =W4/X4 -> 0.3 | I4: =X4/1000 -> 0.1 | J4: =1-Y4 -> 0.06 | K4: =Z4/1000 -> 2.6328 | L4: =AA4/1000 -> 2.19674 | M4: =(I4*10^6*L4/AJ4*AI4/10^6)*24*365/1000 -> 0.68573768 | N4: 0.8 | O4: 1004 | P4: 0 | Q4: 8 | R4: 1 | S4: 1 | T4: 0 | U4: 1 | V4: 3 | W4: 30 | X4: 100 | Y4: 0.94 | Z4: 2632.8 | AA4: 2196.74 | AB4: 80 | AC4: 55 | AD4: =1/Z4*860 -> 0.32664844 | AE4: =1/AA4*860 -> 0.39148921 | AF4: =(L4-H4*K4)/(1-H4) -> 2.0098571 | AG4: =I4*(L4-AF4) -> 0.018688286 | AH4: =AB4/100 -> 0.8 | AI4: =HLOOKUP(HLOOKUP(G4,'THP2'!$B$4:$J$8,5,FALSE),'Fuel & Resister'!$B$3:$G$6,4,FALSE) -> 2.26424 | AJ4: =HLOOKUP(HLOOKUP(G4,'THP2'!$B$4:$J$8,5,FALSE),'Fuel & Resister'!$B$3:$G$6,3,FALSE) -> 6.354 | AK4: =0.85985/L4 -> 0.39142092 | AO4: 1 | AP4: 1
A5: =ROWS(D2:D134) -> 133 | B5: msb | C5: =VLOOKUP(B5,[1]SYS!$F$5:$G$359,2,FALSE) -> 3 | D5: Coal | E5: 1IP-SEIS | F5: 日本製紙釧路工場 | G5: 1 | H5: =W5/X5 -> 0.3 | I5: =X5/1000 -> 0.18 | J5: =1-Y5 -> 0.06 | K5: =Z5/1000 -> 2.6328 | L5: =AA5/1000 -> 2.19674 | M5: =(I5*10^6*L5/AJ5*AI5/10^6)*24*365/1000 -> 1.2343278 | N5: 1.44 | O5: 903 | P5: 0 | Q5: 8 | R5: 1 | S5: 1 | T5: 0 | U5: 1 | V5: 4 | W5: 54 | X5: 180 | Y5: 0.94 | Z5: 2632.8 | AA5: 2196.74 | AB5: 144 | AC5: 55 | AD5: =1/Z5*860 -> 0.32664844 | AE5: =1/AA5*860 -> 0.39148921 | AF5: =(L5-H5*K5)/(1-H5) -> 2.0098571 | AG5: =I5*(L5-AF5) -> 0.033638914 | AH5: =AB5/100 -> 1.44 | AI5: =HLOOKUP(HLOOKUP(G5,'THP2'!$B$4:$J$8,5,FALSE),'Fuel & Resister'!$B$3:$G$6,4,FALSE) -> 2.26424 | AJ5: =HLOOKUP(HLOOKUP(G5,'THP2'!$B$4:$J$8,5,FALSE),'Fuel & Resister'!$B$3:$G$6,3,FALSE) -> 6.354 | AK5: =0.85985/L5 -> 0.39142092 | AO5: 1 | AP5: 1
B6: akt | C6: =VLOOKUP(B6,[1]SYS!$F$5:$G$359,2,FALSE) -> 40 | D6: Coal | E6: 2AKITAM1 | F6: 秋田港発電所 | G6: 1 | H6: =W6/X6 -> 0.3 | I6: =X6/1000 -> 0.65 | J6: =1-Y6 -> 0.062 | K6: =Z6/1000 -> 2.397 | L6: =AA6/1000 -> 2 | M6: =(I6*10^6*L6/AJ6*AI6/10^6)*24*365/1000 -> 4.0580996 | N6: 6.7125 | O6: 403 | P6: 0.05 | Q6: 8 | R6: 1 | S6: 1 | T6: 0 | U6: 1 | V6: 5 | W6: 195 | X6: 650 | Y6: 0.938 | Z6: 2397 | AA6: 2000 | AB6: 671.25 | AC6: 55 | AD6: =1/Z6*860 -> 0.35878181 | AE6: =1/AA6*860 -> 0.43 | AF6: =(L6-H6*K6)/(1-H6) -> 1.8298571 | AG6: =I6*(L6-AF6) -> 0.11059286 | AH6: =AB6/100 -> 6.7125 | AI6: =HLOOKUP(HLOOKUP(G6,'THP2'!$B$4:$J$8,5,FALSE),'Fuel & Resister'!$B$3:$G$6,4,FALSE) -> 2.26424 | AJ6: =HLOOKUP(HLOOKUP(G6,'THP2'!$B$4:$J$8,5,FALSE),'Fuel & Resister'!$B$3:$G$6,3,FALSE) -> 6.354 | AK6: =0.85985/L6 -> 0.429925 | AO6: 1 | AP6: 1
B7: akt | C7: =VLOOKUP(B7,[1]SYS!$F$5:$G$359,2,FALSE) -> 40 | D7: Coal | E7: 2AKITAM2 | F7: 秋田港発電所 | G7: 1 | H7: =W7/X7 -> 0.3 | I7: =X7/1000 -> 0.65 | J7: =1-Y7 -> 0.062 | K7: =Z7/1000 -> 2.397 | L7: =AA7/1000 -> 2 | M7: =(I7*10^6*L7/AJ7*AI7/10^6)*24*365/1000 -> 4.0580996 | N7: 6.7125 | O7: 903 | P7: 0.05 | Q7: 8 | R7: 1 | S7: 1 | T7: 0 | U7: 1 | V7: 6 | W7: 195 | X7: 650 | Y7: 0.938 | Z7: 2397 | AA7: 2000 | AB7: 671.25 | AC7: 55 | AD7: =1/Z7*860 -> 0.35878181 | AE7: =1/AA7*860 -> 0.43 | AF7: =(L7-H7*K7)/(1-H7) -> 1.8298571 | AG7: =I7*(L7-AF7) -> 0.11059286 | AH7: =AB7/100 -> 6.7125 | AI7: =HLOOKUP(HLOOKUP(G7,'THP2'!$B$4:$J$8,5,FALSE),'Fuel & Resister'!$B$3:$G$6,4,FALSE) -> 2.26424 | AJ7: =HLOOKUP(HLOOKUP(G7,'THP2'!$B$4:$J$8,5,FALSE),'Fuel & Resister'!$B$3:$G$6,3,FALSE) -> 6.354 | AO7: 1 | AP7: 1
A8: LNG | B8: nsr | C8: =VLOOKUP(B8,[1]SYS!$F$5:$G$359,2,FALSE) -> 39 | D8: Coal | E8: 2NOSHIR3 | F8: 能代火力発電所 | G8: 1 | H8: =W8/X8 -> 0.3 | I8: =X8/1000 -> 0.6 | J8: =1-Y8 -> 0.0517 | K8: =Z8/1000 -> 2.397 | L8: =AA8/1000 -> 2 | M8: =(I8*10^6*L8/AJ8*AI8/10^6)*24*365/1000 -> 3.7459381 | N8: 6.145 | O8: 903 | P8: 0.05 | Q8: 8 | R8: 1 | S8: 1 | T8: 0 | U8: 1 | V8: 7 | W8: 180 | X8: 600 | Y8: 0.9483 | Z8: 2397 | AA8: 2000 | AB8: 614.5 | AC8: 55 | AD8: =1/Z8*860 -> 0.35878181 | AE8: =1/AA8*860 -> 0.43 | AF8: =(L8-H8*K8)/(1-H8) -> 1.8298571 | AG8: =I8*(L8-AF8) -> 0.10208571 | AH8: =AB8/100 -> 6.145 | AI8: =HLOOKUP(HLOOKUP(G8,'THP2'!$B$4:$J$8,5,FALSE),'Fuel & Resister'!$B$3:$G$6,4,FALSE) -> 2.26424 | AJ8: =HLOOKUP(HLOOKUP(G8,'THP2'!$B$4:$J$8,5,FALSE),'Fuel & Resister'!$B$3:$G$6,3,FALSE) -> 6.354 | AO8: 1 | AP8: 1
A9: =ROWS(D135:D446) -> 312 | B9: sfu | C9: =VLOOKUP(B9,[1]SYS!$F$5:$G$359,2,FALSE) -> 62 | D9: Coal | E9: 2HARAM2 | F9: 原町火力発電所 | G9: 1 | H9: =W9/X9 -> 0.187 | I9: =X9/1000 -> 1 | J9: =1-Y9 -> 0.053 | K9: =Z9/1000 -> 2.67542 | L9: =AA9/1000 -> 2.02793 | M9: =(I9*10^6*L9/AJ9*AI9/10^6)*24*365/1000 -> 6.3304169 | N9: 15 | O9: 403 | P9: 0.05 | Q9: 8 | R9: 1 | S9: 1 | T9: 0 | U9: 0 | V9: 8 | W9: 187 | X9: 1000 | Y9: 0.947 | Z9: 2675.42 | AA9: 2027.93 | AB9: 1500 | AC9: 55 | AD9: =1/Z9*860 -> 0.32144486 | AE9: =1/AA9*860 -> 0.42407775 | AF9: =(L9-H9*K9)/(1-H9) -> 1.8789993 | AG9: =I9*(L9-AF9) -> 0.14893066 | AH9: =AB9/100 -> 15 | AI9: =HLOOKUP(HLOOKUP(G9,'THP2'!$B$4:$J$8,5,FALSE),'Fuel & Resister'!$B$3:$G$6,4,FALSE) -> 2.26424 | AJ9: =HLOOKUP(HLOOKUP(G9,'THP2'!$B$4:$J$8,5,FALSE),'Fuel & Resister'!$B$3:$G$6,3,FALSE) -> 6.354 | AO9: 0 | AP9: 0
B10: sfu | C10: =VLOOKUP(B10,[1]SYS!$F$5:$G$359,2,FALSE) -> 62 | D10: Coal | E10: 2HARAM1 | F10: 原町火力発電所 | G10: 1 | H10: =W10/X10 -> 0.162 | I10: =X10/1000 -> 1 | J10: =1-Y10 -> 0.056 | K10: =Z10/1000 -> 2.87622 | L10: =AA10/1000 -> 2.03233 | M10: =(I10*10^6*L10/AJ10*AI10/10^6)*24*365/1000 -> 6.344152 | N10: 15 | O10: 504 | P10: 0.05 | Q10: 8 | R10: 1 | S10: 1 | T10: 0 | U10: 0 | V10: 9 | W10: 162 | X10: 1000 | Y10: 0.944 | Z10: 2876.22 | AA10: 2032.33 | AB10: 1500 | AC10: 55 | AD10: =1/Z10*860 -> 0.29900355 | AE10: =1/AA10*860 -> 0.42315962 | AF10: =(L10-H10*K10)/(1-H10) -> 1.8691914 | AG10: =I10*(L10-AF10) -> 0.16313864 | AH10: =AB10/100 -> 15 | AI10: =HLOOKUP(HLOOKUP(G10,'THP2'!$B$4:$J$8,5,FALSE),'Fuel & Resister'!$B$3:$G$6,4,FALSE) -> 2.26424 | AJ10: =HLOOKUP(HLOOKUP(G10,'THP2'!$B$4:$J$8,5,FALSE),'Fuel & Resister'!$B$3:$G$6,3,FALSE) -> 6.354 | AO10: 0 | AP10: 0
B11: nsr | C11: =VLOOKUP(B11,[1]SYS!$F$5:$G$359,2,FALSE) -> 39 | D11: Coal | E11: 2NOSHIR2 | F11: 能代火力発電所 | G11: 1 | H11: =W11/X11 -> 0.3 | I11: =X11/1000 -> 0.6 | J11: =1-Y11 -> 0.054 | K11: =Z11/1000 -> 2.49747 | L11: =AA11/1000 -> 2.08382 | M11: =(I11*10^6*L11/AJ11*AI11/10^6)*24*365/1000 -> 3.9029304 | N11: 6.145 | O11: 305 | P11: 0.05 | Q11: 8 | R11: 1 | S11: 1 | T11: 0 | U11: 0 | V11: 10 | W11: 180 | X11: 600 | Y11: 0.946 | Z11: 2497.47 | AA11: 2083.82 | AB11: 614.5 | AC11: 55 | AD11: =1/Z11*860 -> 0.34434848 | AE11: =1/AA11*860 -> 0.41270359 | AF11: =(L11-H11*K11)/(1-H11) -> 1.9065414 | AG11: =I11*(L11-AF11) -> 0.10636714 | AH11: =AB11/100 -> 6.145 | AI11: =HLOOKUP(HLOOKUP(G11,'THP2'!$B$4:$J$8,5,FALSE),'Fuel & Resister'!$B$3:$G$6,4,FALSE) -> 2.26424 | AJ11: =HLOOKUP(HLOOKUP(G11,'THP2'!$B$4:$J$8,5,FALSE),'Fuel & Resister'!$B$3:$G$6,3,FALSE) -> 6.354 | AO11: 0 | AP11: 0
A12: Nuclear | B12: nsr | C12: =VLOOKUP(B12,[1]SYS!$F$5:$G$359,2,FALSE) -> 39 | D12: Coal | E12: 2NOSHIR1 | F12: 能代火力発電所 | G12: 1 | H12: =W12/X12 -> 0.35 | I12: =X12/1000 -> 0.6 | J12: =1-Y12 -> 0.0559 | K12: =Z12/1000 -> 2.44598 | L12: =AA12/1000 -> 2.10201 | M12: =(I12*10^6*L12/AJ12*AI12/10^6)*24*365/1000 -> 3.9369997 | N12: 6.145 | O12: 305 | P12: 0.05 | Q12: 8 | R12: 1 | S12: 1 | T12: 0 | U12: 0 | V12: 11 | W12: 210 | X12: 600 | Y12: 0.9441 | Z12: 2445.98 | AA12: 2102.01 | AB12: 614.5 | AC12: 55 | AD12: =1/Z12*860 -> 0.35159731 | AE12: =1/AA12*860 -> 0.40913221 | AF12: =(L12-H12*K12)/(1-H12) -> 1.9167954 | AG12: =I12*(L12-AF12) -> 0.11112877 | AH12: =AB12/100 -> 6.145 | AI12: =HLOOKUP(HLOOKUP(G12,'THP2'!$B$4:$J$8,5,FALSE),'Fuel & Resister'!$B$3:$G$6,4,FALSE) -> 2.26424 | AJ12: =HLOOKUP(HLOOKUP(G12,'THP2'!$B$4:$J$8,5,FALSE),'Fuel & Resister'!$B$3:$G$6,3,FALSE) -> 6.354 | AO12: 0 | AP12: 0
A13: =ROWS(D447:D476) -> 30 | B13: sma | C13: =VLOOKUP(B13,[1]SYS!$F$5:$G$359,2,FALSE) -> 37 | D13: Coal | E13: 2SHINC2L | F13: 新地発電所 | G13: 1 | H13: =W13/X13 -> 0.164 | I13: =X13/1000 -> 1 | J13: =1-Y13 -> 0.0561 | K13: =Z13/1000 -> 2.9921 | L13: =AA13/1000 -> 2.11421 | M13: =(I13*10^6*L13/AJ13*AI13/10^6)*24*365/1000 -> 6.5997499 | N13: 15 | O13: 903 | P13: 0.05 | Q13: 8 | R13: 1 | S13: 1 | T13: 0 | U13: 0 | V13: 12 | W13: 164 | X13: 1000 | Y13: 0.9439 | Z13: 2992.1 | AA13: 2114.21 | AB13: 1500 | AC13: 55 | AD13: =1/Z13*860 -> 0.28742355 | AE13: =1/AA13*860 -> 0.40677132 | AF13: =(L13-H13*K13)/(1-H13) -> 1.9419923 | AG13: =I13*(L13-AF13) -> 0.17221766 | AH13: =AB13/100 -> 15 | AI13: =HLOOKUP(HLOOKUP(G13,'THP2'!$B$4:$J$8,5,FALSE),'Fuel & Resister'!$B$3:$G$6,4,FALSE) -> 2.26424 | AJ13: =HLOOKUP(HLOOKUP(G13,'THP2'!$B$4:$J$8,5,FALSE),'Fuel & Resister'!$B$3:$G$6,3,FALSE) -> 6.354 | AO13: 0 | AP13: 0
B14: sma | C14: =VLOOKUP(B14,[1]SYS!$F$5:$G$359,2,FALSE) -> 37 | D14: Coal | E14: 2SHINC1L | F14: 新地発電所 | G14: 1 | H14: =W14/X14 -> 0.164 | I14: =X14/1000 -> 1 | J14: =1-Y14 -> 0.0579 | K14: =Z14/1000 -> 3.00199 | L14: =AA14/1000 -> 2.1212 | M14: =(I14*10^6*L14/AJ14*AI14/10^6)*24*365/1000 -> 6.62157 | N14: 15 | O14: 403 | P14: 0.05 | Q14: 8 | R14: 1 | S14: 1 | T14: 0 | U14: 0 | V14: 13 | W14: 164 | X14: 1000 | Y14: 0.9421 | Z14: 3001.99 | AA14: 2121.2 | AB14: 1500 | AC14: 55 | AD14: =1/Z14*860 -> 0.28647664 | AE14: =1/AA14*860 -> 0.40543089 | AF14: =(L14-H14*K14)/(1-H14) -> 1.9484134 | AG14: =I14*(L14-AF14) -> 0.17278656 | AH14: =AB14/100 -> 15 | AI14: =HLOOKUP(HLOOKUP(G14,'THP2'!$B$4:$J$8,5,FALSE),'Fuel & Resister'!$B$3:$G$6,4,FALSE) -> 2.26424 | AJ14: =HLOOKUP(HLOOKUP(G14,'THP2'!$B$4:$J$8,5,FALSE),'Fuel & Resister'!$B$3:$G$6,3,FALSE) -> 6.354 | AO14: 0 | AP14: 0
B15: ism | C15: =VLOOKUP(B15,[1]SYS!$F$5:$G$359,2,FALSE) -> 46 | D15: Coal | E15: 2NS-HIB | F15: 石巻雲雀野発電所 | G15: 1 | H15: =W15/X15 -> 0.30201342 | I15: =X15/1000 -> 0.149 | J15: =1-Y15 -> 0.062 | K15: =Z15/1000 -> 2.57099 | L15: =AA15/1000 -> 2.14517 | M15: =(I15*10^6*L15/AJ15*AI15/10^6)*24*365/1000 -> 0.99776287 | N15: 1.192 | O15: 200 | P15: 0 | Q15: 8 | R15: 1 | S15: 1 | T15: 0 | U15: 1 | V15: 14 | W15: 45 | X15: 149 | Y15: 0.938 | Z15: 2570.99 | AA15: 2145.17 | AB15: 119.2 | AC15: 55 | AD15: =1/Z15*860 -> 0.3345015 | AE15: =1/AA15*860 -> 0.40090063 | AF15: =(L15-H15*K15)/(1-H15) -> 1.960921 | AG15: =I15*(L15-AF15) -> 0.027453107 | AH15: =AB15/100 -> 1.192 | AI15: =HLOOKUP(HLOOKUP(G15,'THP2'!$B$4:$J$8,5,FALSE),'Fuel & Resister'!$B$3:$G$6,4,FALSE) -> 2.26424 | AJ15: =HLOOKUP(HLOOKUP(G15,'THP2'!$B$4:$J$8,5,FALSE),'Fuel & Resister'!$B$3:$G$6,3,FALSE) -> 6.354 | AO15: 1 | AP15: 1
A16: Oil | B16: sdi | C16: =VLOOKUP(B16,[1]SYS!$F$5:$G$359,2,FALSE) -> 47 | D16: Coal | E16: 2ORIX-SM | F16: 相馬石炭・バイオマス発電所 | G16: 1 | H16: =W16/X16 -> 0.30097087 | I16: =X16/1000 -> 0.103 | J16: =1-Y16 -> 0 | K16: =Z16/1000 -> 2.60054 | L16: =AA16/1000 -> 2.16983 | M16: =(I16*10^6*L16/AJ16*AI16/10^6)*24*365/1000 -> 0.69765753 | N16: 0.824 | O16: 504 | P16: 0 | Q16: 8 | R16: 1 | S16: 1 | T16: 0 | U16: 1 | V16: 15 | W16: 31 | X16: 103 | Y16: 1 | Z16: 2600.54 | AA16: 2169.83 | AB16: 82.4 | AC16: 55 | AD16: =1/Z16*860 -> 0.33070055 | AE16: =1/AA16*860 -> 0.39634441 | AF16: =(L16-H16*K16)/(1-H16) -> 1.9843854 | AG16: =I16*(L16-AF16) -> 0.019100792 | AH16: =AB16/100 -> 0.824 | AI16: =HLOOKUP(HLOOKUP(G16,'THP2'!$B$4:$J$8,5,FALSE),'Fuel & Resister'!$B$3:$G$6,4,FALSE) -> 2.26424 | AJ16: =HLOOKUP(HLOOKUP(G16,'THP2'!$B$4:$J$8,5,FALSE),'Fuel & Resister'!$B$3:$G$6,3,FALSE) -> 6.354 | AO16: 1 | AP16: 1
A17: =ROWS(D477:D503) -> 27 | B17: sdi | C17: =VLOOKUP(B17,[1]SYS!$F$5:$G$359,2,FALSE) -> 47 | D17: Coal | E17: 2NTT-SM | G17: 1 | H17: =W17/X17 -> 0.3047619 | I17: =X17/1000 -> 0.105 | J17: =1-Y17 -> 0 | K17: =Z17/1000 -> 2.60054 | L17: =AA17/1000 -> 2.16983 | M17: =(I17*10^6*L17/AJ17*AI17/10^6)*24*365/1000 -> 0.71120428 | N17: 0.84 | O17: 1106 | P17: 0 | Q17: 8 | R17: 1 | S17: 1 | T17: 0 | U17: 1 | V17: 16 | W17: 32 | X17: 105 | Y17: 1 | Z17: 2600.54 | AA17: 2169.83 | AB17: 84 | AC17: 55 | AD17: =1/Z17*860 -> 0.33070055 | AE17: =1/AA17*860 -> 0.39634441 | AF17: =(L17-H17*K17)/(1-H17) -> 1.9810256 | AG17: =I17*(L17-AF17) -> 0.01982446 | AH17: =AB17/100 -> 0.84 | AI17: =HLOOKUP(HLOOKUP(G17,'THP2'!$B$4:$J$8,5,FALSE),'Fuel & Resister'!$B$3:$G$6,4,FALSE) -> 2.26424 | AJ17: =HLOOKUP(HLOOKUP(G17,'THP2'!$B$4:$J$8,5,FALSE),'Fuel & Resister'!$B$3:$G$6,3,FALSE) -> 6.354 | AO17: 1 | AP17: 1
B18: mzs | C18: =VLOOKUP(B18,[1]SYS!$F$5:$G$359,2,FALSE) -> 43 | D18: Coal | E18: 2IP-SEIT | F18: 日本製鉄釜石製鉄所 | G18: 1 | H18: =W18/X18 -> 0.30147059 | I18: =X18/1000 -> 0.136 | J18: =1-Y18 -> 0.064 | K18: =Z18/1000 -> 2.62159 | L18: =AA18/1000 -> 2.18739 | M18: =(I18*10^6*L18/AJ18*AI18/10^6)*24*365/1000 -> 0.9286338 | N18: 1.088 | O18: 903 | P18: 0 | Q18: 8 | R18: 1 | S18: 1 | T18: 0 | U18: 0 | V18: 17 | W18: 41 | X18: 136 | Y18: 0.936 | Z18: 2621.59 | AA18: 2187.39 | AB18: 108.8 | AC18: 55 | AD18: =1/Z18*860 -> 0.32804519 | AE18: =1/AA18*860 -> 0.39316263 | AF18: =(L18-H18*K18)/(1-H18) -> 1.9999984 | AG18: =I18*(L18-AF18) -> 0.025485255 | AH18: =AB18/100 -> 1.088 | AI18: =HLOOKUP(HLOOKUP(G18,'THP2'!$B$4:$J$8,5,FALSE),'Fuel & Resister'!$B$3:$G$6,4,FALSE) -> 2.26424 | AJ18: =HLOOKUP(HLOOKUP(G18,'THP2'!$B$4:$J$8,5,FALSE),'Fuel & Resister'!$B$3:$G$6,3,FALSE) -> 6.354 | AO18: 0 | AP18: 0
B19: ism | C19: =VLOOKUP(B19,[1]SYS!$F$5:$G$359,2,FALSE) -> 46 | D19: Coal | E19: 2NS-ISM | F19: 日本製紙石巻工場 | G19: 1 | H19: =W19/X19 -> 0.30181818 | I19: =X19/1000 -> 0.275 | J19: =1-Y19 -> 0.062 | K19: =Z19/1000 -> 2.62719 | L19: =AA19/1000 -> 2.19207 | M19: =(I19*10^6*L19/AJ19*AI19/10^6)*24*365/1000 -> 1.8817697 | N19: 2.4525 | O19: 1202 | P19: 0 | Q19: 8 | R19: 1 | S19: 1 | T19: 0 | U19: 1 | V19: 18 | W19: 83 | X19: 275 | Y19: 0.938 | Z19: 2627.19 | AA19: 2192.07 | AB19: 245.25 | AC19: 55 | AD19: =1/Z19*860 -> 0.32734595 | AE19: =1/AA19*860 -> 0.39232324 | AF19: =(L19-H19*K19)/(1-H19) -> 2.0039712 | AG19: =I19*(L19-AF19) -> 0.051727156 | AH19: =AB19/100 -> 2.4525 | AI19: =HLOOKUP(HLOOKUP(G19,'THP2'!$B$4:$J$8,5,FALSE),'Fuel & Resister'!$B$3:$G$6,4,FALSE) -> 2.26424 | AJ19: =HLOOKUP(HLOOKUP(G19,'THP2'!$B$4:$J$8,5,FALSE),'Fuel & Resister'!$B$3:$G$6,3,FALSE) -> 6.354 | AO19: 1 | AP19: 1
B20: hje | C20: =VLOOKUP(B20,[1]SYS!$F$5:$G$359,2,FALSE) -> 59 | D20: Coal | E20: 2ITOIGA1 | F20: 糸魚川発電所 | G20: 1 | H20: =W20/X20 -> 0.30201342 | I20: =X20/1000 -> 0.149 | J20: =1-Y20 -> 0.06 | K20: =Z20/1000 -> 2.6328 | L20: =AA20/1000 -> 2.19674 | M20: =(I20*10^6*L20/AJ20*AI20/10^6)*24*365/1000 -> 1.0217491 | N20: 1.192 | O20: 603 | P20: 0 | Q20: 8 | R20: 1 | S20: 1 | T20: 0 | U20: 1 | V20: 19 | W20: 45 | X20: 149 | Y20: 0.94 | Z20: 2632.8 | AA20: 2196.74 | AB20: 119.2 | AC20: 55 | AD20: =1/Z20*860 -> 0.32664844 | AE20: =1/AA20*860 -> 0.39148921 | AF20: =(L20-H20*K20)/(1-H20) -> 2.0080602 | AG20: =I20*(L20-AF20) -> 0.028113291 | AH20: =AB20/100 -> 1.192 | AI20: =HLOOKUP(HLOOKUP(G20,'THP2'!$B$4:$J$8,5,FALSE),'Fuel & Resister'!$B$3:$G$6,4,FALSE) -> 2.26424 | AJ20: =HLOOKUP(HLOOKUP(G20,'THP2'!$B$4:$J$8,5,FALSE),'Fuel & Resister'!$B$3:$G$6,3,FALSE) -> 6.354 | AO20: 1 | AP20: 1
B21: sdi | C21: =VLOOKUP(B21,[1]SYS!$F$5:$G$359,2,FALSE) -> 47 | D21: Coal | E21: 2SMT-ONH | F21: サミット小名浜エスパワー小名浜発電所 | G21: 1 | H21: =W21/X21 -> 0.30357143 | I21: =X21/1000 -> 0.056 | J21: =1-Y21 -> 0.4 | K21: =Z21/1000 -> 2.94489 | L21: =AA21/1000 -> 2.45714 | M21: =(I21*10^6*L21/AJ21*AI21/10^6)*24*365/1000 -> 0.42953374 | N21: 0.448 | O21: 601 | P21: 0 | Q21: 8 | R21: 1 | S21: 1 | T21: 0 | U21: 1 | V21: 20 | W21: 17 | X21: 56 | Y21: 0.6 | Z21: 2944.89 | AA21: 2457.14 | AB21: 44.8 | AC21: 55 | AD21: =1/Z21*860 -> 0.29203128 | AE21: =1/AA21*860 -> 0.35000041 | AF21: =(L21-H21*K21)/(1-H21) -> 2.244531 | AG21: =I21*(L21-AF21) -> 0.011906103 | AH21: =AB21/100 -> 0.448 | AI21: =HLOOKUP(HLOOKUP(G21,'THP2'!$B$4:$J$8,5,FALSE),'Fuel & Resister'!$B$3:$G$6,4,FALSE) -> 2.26424 | AJ21: =HLOOKUP(HLOOKUP(G21,'THP2'!$B$4:$J$8,5,FALSE),'Fuel & Resister'!$B$3:$G$6,3,FALSE) -> 6.354 | AO21: 1 | AP21: 1
B22: siw | C22: =VLOOKUP(B22,[1]SYS!$F$5:$G$359,2,FALSE) -> 64 | D22: Coal | E22: 3AD_COAL | G22: 1 | H22: =W22/X22 -> 0.3 | I22: =X22/1000 -> 1 | J22: =1-Y22 -> 0.062 | K22: =Z22/1000 -> 2.40035 | L22: =AA22/1000 -> 2.00279 | M22: =(I22*10^6*L22/AJ22*AI22/10^6)*24*365/1000 -> 6.2519395 | N22: 15 | O22: 403 | P22: 0.05 | Q22: 8 | R22: 1 | S22: 1 | T22: 0 | U22: 0 | V22: 21 | W22: 300 | X22: 1000 | Y22: 0.938 | Z22: 2400.35 | AA22: 2002.79 | AB22: 1500 | AC22: 55 | AD22: =1/Z22*860 -> 0.35828108 | AE22: =1/AA22*860 -> 0.42940099 | AF22: =(L22-H22*K22)/(1-H22) -> 1.8324071 | AG22: =I22*(L22-AF22) -> 0.17038286 | AH22: =AB22/100 -> 15 | AI22: =HLOOKUP(HLOOKUP(G22,'THP2'!$B$4:$J$8,5,FALSE),'Fuel & Resister'!$B$3:$G$6,4,FALSE) -> 2.26424 | AJ22: =HLOOKUP(HLOOKUP(G22,'THP2'!$B$4:$J$8,5,FALSE),'Fuel & Resister'!$B$3:$G$6,3,FALSE) -> 6.354 | AO22: 0 | AP22: 0
B23: siw | C23: =VLOOKUP(B23,[1]SYS!$F$5:$G$359,2,FALSE) -> 64 | D23: Coal | E23: 3AD_COAL | G23: 1 | H23: =W23/X23 -> 0.3 | I23: =X23/1000 -> 1 | J23: =1-Y23 -> 0.062 | K23: =Z23/1000 -> 2.40035 | L23: =AA23/1000 -> 2.00279 | M23: =(I23*10^6*L23/AJ23*AI23/10^6)*24*365/1000 -> 6.2519395 | N23: 15 | O23: 504 | P23: 0.05 | Q23: 8 | R23: 1 | S23: 1 | T23: 0 | U23: 0 | V23: 22 | W23: 300 | X23: 1000 | Y23: 0.938 | Z23: 2400.35 | AA23: 2002.79 | AB23: 1500 | AC23: 55 | AD23: =1/Z23*860 -> 0.35828108 | AE23: =1/AA23*860 -> 0.42940099 | AF23: =(L23-H23*K23)/(1-H23) -> 1.8324071 | AG23: =I23*(L23-AF23) -> 0.17038286 | AH23: =AB23/100 -> 15 | AI23: =HLOOKUP(HLOOKUP(G23,'THP2'!$B$4:$J$8,5,FALSE),'Fuel & Resister'!$B$3:$G$6,4,FALSE) -> 2.26424 | AJ23: =HLOOKUP(HLOOKUP(G23,'THP2'!$B$4:$J$8,5,FALSE),'Fuel & Resister'!$B$3:$G$6,3,FALSE) -> 6.354 | AO23: 0 | AP23: 0
B24: siw | C24: =VLOOKUP(B24,[1]SYS!$F$5:$G$359,2,FALSE) -> 64 | D24: Coal | E24: 3AD_COAL | G24: 1 | H24: =W24/X24 -> 0.3 | I24: =X24/1000 -> 1 | J24: =1-Y24 -> 0.062 | K24: =Z24/1000 -> 2.40035 | L24: =AA24/1000 -> 2.00279 | M24: =(I24*10^6*L24/AJ24*AI24/10^6)*24*365/1000 -> 6.2519395 | N24: 15 | O24: 403 | P24: 0.05 | Q24: 8 | R24: 1 | S24: 1 | T24: 0 | U24: 0 | V24: 23 | W24: 300 | X24: 1000 | Y24: 0.938 | Z24: 2400.35 | AA24: 2002.79 | AB24: 1500 | AC24: 55 | AD24: =1/Z24*860 -> 0.35828108 | AE24: =1/AA24*860 -> 0.42940099 | AF24: =(L24-H24*K24)/(1-H24) -> 1.8324071 | AG24: =I24*(L24-AF24) -> 0.17038286 | AH24: =AB24/100 -> 15 | AI24: =HLOOKUP(HLOOKUP(G24,'THP2'!$B$4:$J$8,5,FALSE),'Fuel & Resister'!$B$3:$G$6,4,FALSE) -> 2.26424 | AJ24: =HLOOKUP(HLOOKUP(G24,'THP2'!$B$4:$J$8,5,FALSE),'Fuel & Resister'!$B$3:$G$6,3,FALSE) -> 6.354 | AO24: 0 | AP24: 0
B25: siw | C25: =VLOOKUP(B25,[1]SYS!$F$5:$G$359,2,FALSE) -> 64 | D25: Coal | E25: 3AD_COAL | G25: 1 | H25: =W25/X25 -> 0.3 | I25: =X25/1000 -> 1 | J25: =1-Y25 -> 0.062 | K25: =Z25/1000 -> 2.40035 | L25: =AA25/1000 -> 2.00279 | M25: =(I25*10^6*L25/AJ25*AI25/10^6)*24*365/1000 -> 6.2519395 | N25: 15 | O25: 504 | P25: 0.05 | Q25: 8 | R25: 1 | S25: 1 | T25: 0 | U25: 0 | V25: 24 | W25: 300 | X25: 1000 | Y25: 0.938 | Z25: 2400.35 | AA25: 2002.79 | AB25: 1500 | AC25: 55 | AD25: =1/Z25*860 -> 0.35828108 | AE25: =1/AA25*860 -> 0.42940099 | AF25: =(L25-H25*K25)/(1-H25) -> 1.8324071 | AG25: =I25*(L25-AF25) -> 0.17038286 | AH25: =AB25/100 -> 15 | AI25: =HLOOKUP(HLOOKUP(G25,'THP2'!$B$4:$J$8,5,FALSE),'Fuel & Resister'!$B$3:$G$6,4,FALSE) -> 2.26424 | AJ25: =HLOOKUP(HLOOKUP(G25,'THP2'!$B$4:$J$8,5,FALSE),'Fuel & Resister'!$B$3:$G$6,3,FALSE) -> 6.354 | AO25: 0 | AP25: 0
B26: siw | C26: =VLOOKUP(B26,[1]SYS!$F$5:$G$359,2,FALSE) -> 64 | D26: Coal | E26: 3AD_COAL | G26: 1 | H26: =W26/X26 -> 0.3 | I26: =X26/1000 -> 1 | J26: =1-Y26 -> 0.062 | K26: =Z26/1000 -> 2.40035 | L26: =AA26/1000 -> 2.00279 | M26: =(I26*10^6*L26/AJ26*AI26/10^6)*24*365/1000 -> 6.2519395 | N26: 15 | O26: 403 | P26: 0.05 | Q26: 8 | R26: 1 | S26: 1 | T26: 0 | U26: 0 | V26: 25 | W26: 300 | X26: 1000 | Y26: 0.938 | Z26: 2400.35 | AA26: 2002.79 | AB26: 1500 | AC26: 55 | AD26: =1/Z26*860 -> 0.35828108 | AE26: =1/AA26*860 -> 0.42940099 | AF26: =(L26-H26*K26)/(1-H26) -> 1.8324071 | AG26: =I26*(L26-AF26) -> 0.17038286 | AH26: =AB26/100 -> 15 | AI26: =HLOOKUP(HLOOKUP(G26,'THP2'!$B$4:$J$8,5,FALSE),'Fuel & Resister'!$B$3:$G$6,4,FALSE) -> 2.26424 | AJ26: =HLOOKUP(HLOOKUP(G26,'THP2'!$B$4:$J$8,5,FALSE),'Fuel & Resister'!$B$3:$G$6,3,FALSE) -> 6.354 | AO26: 0 | AP26: 0
B27: siw | C27: =VLOOKUP(B27,[1]SYS!$F$5:$G$359,2,FALSE) -> 64 | D27: Coal | E27: 3AD_COAL | G27: 1 | H27: =W27/X27 -> 0.3 | I27: =X27/1000 -> 1 | J27: =1-Y27 -> 0.062 | K27: =Z27/1000 -> 2.40035 | L27: =AA27/1000 -> 2.00279 | M27: =(I27*10^6*L27/AJ27*AI27/10^6)*24*365/1000 -> 6.2519395 | N27: 15 | O27: 504 | P27: 0.05 | Q27: 8 | R27: 1 | S27: 1 | T27: 0 | U27: 0 | V27: 26 | W27: 300 | X27: 1000 | Y27: 0.938 | Z27: 2400.35 | AA27: 2002.79 | AB27: 1500 | AC27: 55 | AD27: =1/Z27*860 -> 0.35828108 | AE27: =1/AA27*860 -> 0.42940099 | AF27: =(L27-H27*K27)/(1-H27) -> 1.8324071 | AG27: =I27*(L27-AF27) -> 0.17038286 | AH27: =AB27/100 -> 15 | AI27: =HLOOKUP(HLOOKUP(G27,'THP2'!$B$4:$J$8,5,FALSE),'Fuel & Resister'!$B$3:$G$6,4,FALSE) -> 2.26424 | AJ27: =HLOOKUP(HLOOKUP(G27,'THP2'!$B$4:$J$8,5,FALSE),'Fuel & Resister'!$B$3:$G$6,3,FALSE) -> 6.354 | AO27: 0 | AP27: 0
B28: siw | C28: =VLOOKUP(B28,[1]SYS!$F$5:$G$359,2,FALSE) -> 64 | D28: Coal | E28: 3AD_COAL | G28: 1 | H28: =W28/X28 -> 0.3 | I28: =X28/1000 -> 1 | J28: =1-Y28 -> 0.062 | K28: =Z28/1000 -> 2.40035 | L28: =AA28/1000 -> 2.00279 | M28: =(I28*10^6*L28/AJ28*AI28/10^6)*24*365/1000 -> 6.2519395 | N28: 15 | O28: 403 | P28: 0.05 | Q28: 8 | R28: 1 | S28: 1 | T28: 0 | U28: 0 | V28: 27 | W28: 300 | X28: 1000 | Y28: 0.938 | Z28: 2400.35 | AA28: 2002.79 | AB28: 1500 | AC28: 55 | AD28: =1/Z28*860 -> 0.35828108 | AE28: =1/AA28*860 -> 0.42940099 | AF28: =(L28-H28*K28)/(1-H28) -> 1.8324071 | AG28: =I28*(L28-AF28) -> 0.17038286 | AH28: =AB28/100 -> 15 | AI28: =HLOOKUP(HLOOKUP(G28,'THP2'!$B$4:$J$8,5,FALSE),'Fuel & Resister'!$B$3:$G$6,4,FALSE) -> 2.26424 | AJ28: =HLOOKUP(HLOOKUP(G28,'THP2'!$B$4:$J$8,5,FALSE),'Fuel & Resister'!$B$3:$G$6,3,FALSE) -> 6.354 | AO28: 0 | AP28: 0
B29: siw | C29: =VLOOKUP(B29,[1]SYS!$F$5:$G$359,2,FALSE) -> 64 | D29: Coal | E29: 3AD_COAL | G29: 1 | H29: =W29/X29 -> 0.3 | I29: =X29/1000 -> 1 | J29: =1-Y29 -> 0.062 | K29: =Z29/1000 -> 2.40035 | L29: =AA29/1000 -> 2.00279 | M29: =(I29*10^6*L29/AJ29*AI29/10^6)*24*365/1000 -> 6.2519395 | N29: 15 | O29: 403 | P29: 0.05 | Q29: 8 | R29: 1 | S29: 1 | T29: 0 | U29: 0 | V29: 28 | W29: 300 | X29: 1000 | Y29: 0.938 | Z29: 2400.35 | AA29: 2002.79 | AB29: 1500 | AC29: 55 | AD29: =1/Z29*860 -> 0.35828108 | AE29: =1/AA29*860 -> 0.42940099 | AF29: =(L29-H29*K29)/(1-H29) -> 1.8324071 | AG29: =I29*(L29-AF29) -> 0.17038286 | AH29: =AB29/100 -> 15 | AI29: =HLOOKUP(HLOOKUP(G29,'THP2'!$B$4:$J$8,5,FALSE),'Fuel & Resister'!$B$3:$G$6,4,FALSE) -> 2.26424 | AJ29: =HLOOKUP(HLOOKUP(G29,'THP2'!$B$4:$J$8,5,FALSE),'Fuel & Resister'!$B$3:$G$6,3,FALSE) -> 6.354 | AO29: 0 | AP29: 0
B30: siw | C30: =VLOOKUP(B30,[1]SYS!$F$5:$G$359,2,FALSE) -> 64 | D30: Coal | E30: 3AD_COAL | G30: 1 | H30: =W30/X30 -> 0.3 | I30: =X30/1000 -> 1 | J30: =1-Y30 -> 0.062 | K30: =Z30/1000 -> 2.40035 | L30: =AA30/1000 -> 2.00279 | M30: =(I30*10^6*L30/AJ30*AI30/10^6)*24*365/1000 -> 6.2519395 | N30: 15 | O30: 403 | P30: 0.05 | Q30: 8 | R30: 1 | S30: 1 | T30: 0 | U30: 0 | V30: 29 | W30: 300 | X30: 1000 | Y30: 0.938 | Z30: 2400.35 | AA30: 2002.79 | AB30: 1500 | AC30: 55 | AD30: =1/Z30*860 -> 0.35828108 | AE30: =1/AA30*860 -> 0.42940099 | AF30: =(L30-H30*K30)/(1-H30) -> 1.8324071 | AG30: =I30*(L30-AF30) -> 0.17038286 | AH30: =AB30/100 -> 15 | AI30: =HLOOKUP(HLOOKUP(G30,'THP2'!$B$4:$J$8,5,FALSE),'Fuel & Resister'!$B$3:$G$6,4,FALSE) -> 2.26424 | AJ30: =HLOOKUP(HLOOKUP(G30,'THP2'!$B$4:$J$8,5,FALSE),'Fuel & Resister'!$B$3:$G$6,3,FALSE) -> 6.354 | AO30: 0 | AP30: 0
B31: siw | C31: =VLOOKUP(B31,[1]SYS!$F$5:$G$359,2,FALSE) -> 64 | D31: Coal | E31: 3AD_COAL | G31: 1 | H31: =W31/X31 -> 0.3 | I31: =X31/1000 -> 1 | J31: =1-Y31 -> 0.062 | K31: =Z31/1000 -> 2.40035 | L31: =AA31/1000 -> 2.00279 | M31: =(I31*10^6*L31/AJ31*AI31/10^6)*24*365/1000 -> 6.2519395 | N31: 15 | O31: 403 | P31: 0.05 | Q31: 8 | R31: 1 | S31: 1 | T31: 0 | U31: 0 | V31: 30 | W31: 300 | X31: 1000 | Y31: 0.938 | Z31: 2400.35 | AA31: 2002.79 | AB31: 1500 | AC31: 55 | AD31: =1/Z31*860 -> 0.35828108 | AE31: =1/AA31*860 -> 0.42940099 | AF31: =(L31-H31*K31)/(1-H31) -> 1.8324071 | AG31: =I31*(L31-AF31) -> 0.17038286 | AH31: =AB31/100 -> 15 | AI31: =HLOOKUP(HLOOKUP(G31,'THP2'!$B$4:$J$8,5,FALSE),'Fuel & Resister'!$B$3:$G$6,4,FALSE) -> 2.26424 | AJ31: =HLOOKUP(HLOOKUP(G31,'THP2'!$B$4:$J$8,5,FALSE),'Fuel & Resister'!$B$3:$G$6,3,FALSE) -> 6.354 | AO31: 0 | AP31: 0
B32: siw | C32: =VLOOKUP(B32,[1]SYS!$F$5:$G$359,2,FALSE) -> 64 | D32: Coal | E32: 3AD_COAL | G32: 1 | H32: =W32/X32 -> 0.3 | I32: =X32/1000 -> 1 | J32: =1-Y32 -> 0.062 | K32: =Z32/1000 -> 2.40035 | L32: =AA32/1000 -> 2.00279 | M32: =(I32*10^6*L32/AJ32*AI32/10^6)*24*365/1000 -> 6.2519395 | N32: 15 | O32: 204 | P32: 0.05 | Q32: 8 | R32: 1 | S32: 1 | T32: 0 | U32: 0 | V32: 31 | W32: 300 | X32: 1000 | Y32: 0.938 | Z32: 2400.35 | AA32: 2002.79 | AB32: 1500 | AC32: 55 | AD32: =1/Z32*860 -> 0.35828108 | AE32: =1/AA32*860 -> 0.42940099 | AF32: =(L32-H32*K32)/(1-H32) -> 1.8324071 | AG32: =I32*(L32-AF32) -> 0.17038286 | AH32: =AB32/100 -> 15 | AI32: =HLOOKUP(HLOOKUP(G32,'THP2'!$B$4:$J$8,5,FALSE),'Fuel & Resister'!$B$3:$G$6,4,FALSE) -> 2.26424 | AJ32: =HLOOKUP(HLOOKUP(G32,'THP2'!$B$4:$J$8,5,FALSE),'Fuel & Resister'!$B$3:$G$6,3,FALSE) -> 6.354 | AO32: 0 | AP32: 0
B33: siw | C33: =VLOOKUP(B33,[1]SYS!$F$5:$G$359,2,FALSE) -> 64 | D33: Coal | E33: 3AD_COAL | G33: 1 | H33: =W33/X33 -> 0.3 | I33: =X33/1000 -> 1 | J33: =1-Y33 -> 0.062 | K33: =Z33/1000 -> 2.40035 | L33: =AA33/1000 -> 2.00279 | M33: =(I33*10^6*L33/AJ33*AI33/10^6)*24*365/1000 -> 6.2519395 | N33: 15 | O33: 1103 | P33: 0.05 | Q33: 8 | R33: 1 | S33: 1 | T33: 0 | U33: 0 | V33: 32 | W33: 300 | X33: 1000 | Y33: 0.938 | Z33: 2400.35 | AA33: 2002.79 | AB33: 1500 | AC33: 55 | AD33: =1/Z33*860 -> 0.35828108 | AE33: =1/AA33*860 -> 0.42940099 | AF33: =(L33-H33*K33)/(1-H33) -> 1.8324071 | AG33: =I33*(L33-AF33) -> 0.17038286 | AH33: =AB33/100 -> 15 | AI33: =HLOOKUP(HLOOKUP(G33,'THP2'!$B$4:$J$8,5,FALSE),'Fuel & Resister'!$B$3:$G$6,4,FALSE) -> 2.26424 | AJ33: =HLOOKUP(HLOOKUP(G33,'THP2'!$B$4:$J$8,5,FALSE),'Fuel & Resister'!$B$3:$G$6,3,FALSE) -> 6.354 | AO33: 0 | AP33: 0
... B36: siw | C36: =VLOOKUP(B36,[1]SYS!$F$5:$G$359,2,FALSE) -> 64 | D36: Coal | E36: 3AD_COAL | G36: 1 | H36: =W36/X36 -> 0.3 | I36: =X36/1000 -> 1 | J36: =1-Y36 -> 0.062 | K36: =Z36/1000 -> 2.40035 | L36: =AA36/1000 -> 2.00279 | M36: =(I36*10^6*L36/AJ36*AI36/10^6)*24*365/1000 -> 6.2519395 | N36: 15 | O36: 401 | P36: 0.05 | Q36: 8 | R36: 1 | S36: 1 | T36: 0 | U36: 0 | V36: 35 | W36: 300 | X36: 1000 | Y36: 0.938 | Z36: 2400.35 | AA36: 2002.79 | AB36: 1500 | AC36: 55 | AD36: =1/Z36*860 -> 0.35828108 | AE36: =1/AA36*860 -> 0.42940099 | AF36: =(L36-H36*K36)/(1-H36) -> 1.8324071 | AG36: =I36*(L36-AF36) -> 0.17038286 | AH36: =AB36/100 -> 15 | AI36: =HLOOKUP(HLOOKUP(G36,'THP2'!$B$4:$J$8,5,FALSE),'Fuel & Resister'!$B$3:$G$6,4,FALSE) -> 2.26424 | AJ36: =HLOOKUP(HLOOKUP(G36,'THP2'!$B$4:$J$8,5,FALSE),'Fuel & Resister'!$B$3:$G$6,3,FALSE) -> 6.354 | AO36: 0 | AP36: 0
B37: siw | C37: =VLOOKUP(B37,[1]SYS!$F$5:$G$359,2,FALSE) -> 64 | D37: Coal | E37: 3NAKO10L | F37: 勿来発電所 | G37: 1 | H37: =W37/X37 -> 0.4 | I37: =X37/1000 -> 0.25 | J37: =1-Y37 -> 0.125 | K37: =Z37/1000 -> 2.4389 | L37: =AA37/1000 -> 1.86957 | M37: =(I37*10^6*L37/AJ37*AI37/10^6)*24*365/1000 -> 1.4590195 | N37: 2.1683 | O37: 302 | P37: 0.05 | Q37: 8 | R37: 1 | S37: 1 | T37: 0 | U37: 1 | V37: 36 | W37: 100 | X37: 250 | Y37: 0.875 | Z37: 2438.9 | AA37: 1869.57 | AB37: 216.83 | AC37: 55 | AD37: =1/Z37*860 -> 0.35261798 | AE37: =1/AA37*860 -> 0.45999882 | AF37: =(L37-H37*K37)/(1-H37) -> 1.4900167 | AG37: =I37*(L37-AF37) -> 0.094888333 | AH37: =AB37/100 -> 2.1683 | AI37: =HLOOKUP(HLOOKUP(G37,'THP2'!$B$4:$J$8,5,FALSE),'Fuel & Resister'!$B$3:$G$6,4,FALSE) -> 2.26424 | AJ37: =HLOOKUP(HLOOKUP(G37,'THP2'!$B$4:$J$8,5,FALSE),'Fuel & Resister'!$B$3:$G$6,3,FALSE) -> 6.354 | AO37: 1 | AP37: 1
B38: siw | C38: =VLOOKUP(B38,[1]SYS!$F$5:$G$359,2,FALSE) -> 64 | D38: Coal | E38: 3IGCC501 | F38: 勿来発電所 | G38: 1 | H38: =W38/X38 -> 0.4 | I38: =X38/1000 -> 0.54 | J38: =1-Y38 -> 0.125 | K38: =Z38/1000 -> 2.46029 | L38: =AA38/1000 -> 1.88596 | M38: =(I38*10^6*L38/AJ38*AI38/10^6)*24*365/1000 -> 3.1791103 | N38: 5.464 | O38: 403 | P38: 0.05 | Q38: 8 | R38: 1 | S38: 1 | T38: 0 | U38: 1 | V38: 37 | W38: 216 | X38: 540 | Y38: 0.875 | Z38: 2460.29 | AA38: 1885.96 | AB38: 546.4 | AC38: 55 | AD38: =1/Z38*860 -> 0.34955229 | AE38: =1/AA38*860 -> 0.45600119 | AF38: =(L38-H38*K38)/(1-H38) -> 1.5030733 | AG38: =I38*(L38-AF38) -> 0.2067588 | AH38: =AB38/100 -> 5.464 | AI38: =HLOOKUP(HLOOKUP(G38,'THP2'!$B$4:$J$8,5,FALSE),'Fuel & Resister'!$B$3:$G$6,4,FALSE) -> 2.26424 | AJ38: =HLOOKUP(HLOOKUP(G38,'THP2'!$B$4:$J$8,5,FALSE),'Fuel & Resister'!$B$3:$G$6,3,FALSE) -> 6.354 | AO38: 1 | AP38: 1
B39: siw | C39: =VLOOKUP(B39,[1]SYS!$F$5:$G$359,2,FALSE) -> 64 | D39: Coal | E39: 3IGCC502 | F39: 勿来発電所 | G39: 1 | H39: =W39/X39 -> 0.4 | I39: =X39/1000 -> 0.54 | J39: =1-Y39 -> 0.125 | K39: =Z39/1000 -> 2.46029 | L39: =AA39/1000 -> 1.88596 | M39: =(I39*10^6*L39/AJ39*AI39/10^6)*24*365/1000 -> 3.1791103 | N39: 5.464 | O39: 903 | P39: 0.05 | Q39: 8 | R39: 1 | S39: 1 | T39: 0 | U39: 1 | V39: 38 | W39: 216 | X39: 540 | Y39: 0.875 | Z39: 2460.29 | AA39: 1885.96 | AB39: 546.4 | AC39: 55 | AD39: =1/Z39*860 -> 0.34955229 | AE39: =1/AA39*860 -> 0.45600119 | AF39: =(L39-H39*K39)/(1-H39) -> 1.5030733 | AG39: =I39*(L39-AF39) -> 0.2067588 | AH39: =AB39/100 -> 5.464 | AI39: =HLOOKUP(HLOOKUP(G39,'THP2'!$B$4:$J$8,5,FALSE),'Fuel & Resister'!$B$3:$G$6,4,FALSE) -> 2.26424 | AJ39: =HLOOKUP(HLOOKUP(G39,'THP2'!$B$4:$J$8,5,FALSE),'Fuel & Resister'!$B$3:$G$6,3,FALSE) -> 6.354 | AO39: 1 | AP39: 1
B40: siw | C40: =VLOOKUP(B40,[1]SYS!$F$5:$G$359,2,FALSE) -> 64 | D40: Coal | E40: 3HITA_G | F40: 日本製鉄鹿島火力発電所 | G40: 1 | H40: =W40/X40 -> 0.3 | I40: =X40/1000 -> 0.65 | J40: =1-Y40 -> 0.062 | K40: =Z40/1000 -> 2.397 | L40: =AA40/1000 -> 2 | M40: =(I40*10^6*L40/AJ40*AI40/10^6)*24*365/1000 -> 4.0580996 | N40: 6.7125 | O40: 504 | P40: 0.05 | Q40: 8 | R40: 1 | S40: 1 | T40: 0 | U40: 1 | V40: 39 | W40: 195 | X40: 650 | Y40: 0.938 | Z40: 2397 | AA40: 2000 | AB40: 671.25 | AC40: 55 | AD40: =1/Z40*860 -> 0.35878181 | AE40: =1/AA40*860 -> 0.43 | AF40: =(L40-H40*K40)/(1-H40) -> 1.8298571 | AG40: =I40*(L40-AF40) -> 0.11059286 | AH40: =AB40/100 -> 6.7125 | AI40: =HLOOKUP(HLOOKUP(G40,'THP2'!$B$4:$J$8,5,FALSE),'Fuel & Resister'!$B$3:$G$6,4,FALSE) -> 2.26424 | AJ40: =HLOOKUP(HLOOKUP(G40,'THP2'!$B$4:$J$8,5,FALSE),'Fuel & Resister'!$B$3:$G$6,3,FALSE) -> 6.354 | AO40: 1 | AP40: 1
B41: sky | C41: =VLOOKUP(B41,[1]SYS!$F$5:$G$359,2,FALSE) -> 75 | D41: Coal | E41: 3SODEG1 | F41: 千葉袖ケ浦パワー | G41: 1 | H41: =W41/X41 -> 0.3 | I41: =X41/1000 -> 1 | J41: =1-Y41 -> 0.02 | K41: =Z41/1000 -> 2.397 | L41: =AA41/1000 -> 2 | M41: =(I41*10^6*L41/AJ41*AI41/10^6)*24*365/1000 -> 6.2432302 | N41: 15 | O41: 403 | P41: 0.05 | Q41: 8 | R41: 1 | S41: 1 | T41: 0 | U41: 1 | V41: 40 | W41: 300 | X41: 1000 | Y41: 0.98 | Z41: 2397 | AA41: 2000 | AB41: 1500 | AC41: 55 | AD41: =1/Z41*860 -> 0.35878181 | AE41: =1/AA41*860 -> 0.43 | AF41: =(L41-H41*K41)/(1-H41) -> 1.8298571 | AG41: =I41*(L41-AF41) -> 0.17014286 | AH41: =AB41/100 -> 15 | AI41: =HLOOKUP(HLOOKUP(G41,'THP2'!$B$4:$J$8,5,FALSE),'Fuel & Resister'!$B$3:$G$6,4,FALSE) -> 2.26424 | AJ41: =HLOOKUP(HLOOKUP(G41,'THP2'!$B$4:$J$8,5,FALSE),'Fuel & Resister'!$B$3:$G$6,3,FALSE) -> 6.354 | AO41: 1 | AP41: 1
B42: sky | C42: =VLOOKUP(B42,[1]SYS!$F$5:$G$359,2,FALSE) -> 75 | D42: Coal | E42: 3SODEG2 | F42: 千葉袖ケ浦パワー | G42: 1 | H42: =W42/X42 -> 0.3 | I42: =X42/1000 -> 1 | J42: =1-Y42 -> 0.02 | K42: =Z42/1000 -> 2.397 | L42: =AA42/1000 -> 2 | M42: =(I42*10^6*L42/AJ42*AI42/10^6)*24*365/1000 -> 6.2432302 | N42: 15 | O42: 403 | P42: 0.05 | Q42: 8 | R42: 1 | S42: 1 | T42: 0 | U42: 1 | V42: 41 | W42: 300 | X42: 1000 | Y42: 0.98 | Z42: 2397 | AA42: 2000 | AB42: 1500 | AC42: 55 | AD42: =1/Z42*860 -> 0.35878181 | AE42: =1/AA42*860 -> 0.43 | AF42: =(L42-H42*K42)/(1-H42) -> 1.8298571 | AG42: =I42*(L42-AF42) -> 0.17014286 | AH42: =AB42/100 -> 15 | AI42: =HLOOKUP(HLOOKUP(G42,'THP2'!$B$4:$J$8,5,FALSE),'Fuel & Resister'!$B$3:$G$6,4,FALSE) -> 2.26424 | AJ42: =HLOOKUP(HLOOKUP(G42,'THP2'!$B$4:$J$8,5,FALSE),'Fuel & Resister'!$B$3:$G$6,3,FALSE) -> 6.354 | AO42: 1 | AP42: 1
B43: ksm | C43: =VLOOKUP(B43,[1]SYS!$F$5:$G$359,2,FALSE) -> 77 | D43: Coal | E43: 3KASH_PW | F43: 鹿島火力発電所 | G43: 1 | H43: =W43/X43 -> 0.30077519 | I43: =X43/1000 -> 0.645 | J43: =1-Y43 -> 0.062 | K43: =Z43/1000 -> 2.397 | L43: =AA43/1000 -> 2 | M43: =(I43*10^6*L43/AJ43*AI43/10^6)*24*365/1000 -> 4.0268835 | N43: 6.6558 | O43: 504 | P43: 0.05 | Q43: 8 | R43: 1 | S43: 1 | T43: 0 | U43: 1 | V43: 42 | W43: 194 | X43: 645 | Y43: 0.938 | Z43: 2397 | AA43: 2000 | AB43: 665.58 | AC43: 55 | AD43: =1/Z43*860 -> 0.35878181 | AE43: =1/AA43*860 -> 0.43 | AF43: =(L43-H43*K43)/(1-H43) -> 1.8292284 | AG43: =I43*(L43-AF43) -> 0.11014769 | AH43: =AB43/100 -> 6.6558 | AI43: =HLOOKUP(HLOOKUP(G43,'THP2'!$B$4:$J$8,5,FALSE),'Fuel & Resister'!$B$3:$G$6,4,FALSE) -> 2.26424 | AJ43: =HLOOKUP(HLOOKUP(G43,'THP2'!$B$4:$J$8,5,FALSE),'Fuel & Resister'!$B$3:$G$6,3,FALSE) -> 6.354 | AO43: 1 | AP43: 1
B44: nyo | C44: =VLOOKUP(B44,[1]SYS!$F$5:$G$359,2,FALSE) -> 105 | D44: Coal | E44: 3ISOGN1L | F44: 磯子火力発電所（電源開発） | G44: 1 | H44: =W44/X44 -> 0.3 | I44: =X44/1000 -> 0.6 | J44: =1-Y44 -> 0.055 | K44: =Z44/1000 -> 2.39812 | L44: =AA44/1000 -> 2.00093 | M44: =(I44*10^6*L44/AJ44*AI44/10^6)*24*365/1000 -> 3.74768 | N44: 6.145 | O44: 504 | P44: 0.05 | Q44: 8 | R44: 1 | S44: 1 | T44: 0 | U44: 1 | V44: 43 | W44: 180 | X44: 600 | Y44: 0.945 | Z44: 2398.12 | AA44: 2000.93 | AB44: 614.5 | AC44: 55 | AD44: =1/Z44*860 -> 0.35861425 | AE44: =1/AA44*860 -> 0.42980014 | AF44: =(L44-H44*K44)/(1-H44) -> 1.8307057 | AG44: =I44*(L44-AF44) -> 0.10213457 | AH44: =AB44/100 -> 6.145 | AI44: =HLOOKUP(HLOOKUP(G44,'THP2'!$B$4:$J$8,5,FALSE),'Fuel & Resister'!$B$3:$G$6,4,FALSE) -> 2.26424 | AJ44: =HLOOKUP(HLOOKUP(G44,'THP2'!$B$4:$J$8,5,FALSE),'Fuel & Resister'!$B$3:$G$6,3,FALSE) -> 6.354 | AO44: 1 | AP44: 1
B45: nyo | C45: =VLOOKUP(B45,[1]SYS!$F$5:$G$359,2,FALSE) -> 105 | D45: Coal | E45: 3ISOGN2L | F45: 磯子火力発電所（電源開発） | G45: 1 | H45: =W45/X45 -> 0.30071174 | I45: =X45/1000 -> 0.562 | J45: =1-Y45 -> 0.055 | K45: =Z45/1000 -> 2.39812 | L45: =AA45/1000 -> 2.00093 | M45: =(I45*10^6*L45/AJ45*AI45/10^6)*24*365/1000 -> 3.5103269 | N45: 5.7137 | O45: 603 | P45: 0.05 | Q45: 8 | R45: 1 | S45: 1 | T45: 0 | U45: 1 | V45: 44 | W45: 169 | X45: 562 | Y45: 0.945 | Z45: 2398.12 | AA45: 2000.93 | AB45: 571.37 | AC45: 55 | AD45: =1/Z45*860 -> 0.35861425 | AE45: =1/AA45*860 -> 0.42980014 | AF45: =(L45-H45*K45)/(1-H45) -> 1.8301282 | AG45: =I45*(L45-AF45) -> 0.095990615 | AH45: =AB45/100 -> 5.7137 | AI45: =HLOOKUP(HLOOKUP(G45,'THP2'!$B$4:$J$8,5,FALSE),'Fuel & Resister'!$B$3:$G$6,4,FALSE) -> 2.26424 | AJ45: =HLOOKUP(HLOOKUP(G45,'THP2'!$B$4:$J$8,5,FALSE),'Fuel & Resister'!$B$3:$G$6,3,FALSE) -> 6.354 | AO45: 1 | AP45: 1
B46: nka | C46: =VLOOKUP(B46,[1]SYS!$F$5:$G$359,2,FALSE) -> 70 | D46: Coal | E46: 3HITCH1 | F46: 常陸那珂火力発電所 | G46: 1 | H46: =W46/X46 -> 0.3 | I46: =X46/1000 -> 1 | J46: =1-Y46 -> 0.062 | K46: =Z46/1000 -> 2.40035 | L46: =AA46/1000 -> 2.00279 | M46: =(I46*10^6*L46/AJ46*AI46/10^6)*24*365/1000 -> 6.2519395 | N46: 15 | O46: 403 | P46: 0.05 | Q46: 8 | R46: 1 | S46: 1 | T46: 0 | U46: 1 | V46: 45 | W46: 300 | X46: 1000 | Y46: 0.938 | Z46: 2400.35 | AA46: 2002.79 | AB46: 1500 | AC46: 55 | AD46: =1/Z46*860 -> 0.35828108 | AE46: =1/AA46*860 -> 0.42940099 | AF46: =(L46-H46*K46)/(1-H46) -> 1.8324071 | AG46: =I46*(L46-AF46) -> 0.17038286 | AH46: =AB46/100 -> 15 | AI46: =HLOOKUP(HLOOKUP(G46,'THP2'!$B$4:$J$8,5,FALSE),'Fuel & Resister'!$B$3:$G$6,4,FALSE) -> 2.26424 | AJ46: =HLOOKUP(HLOOKUP(G46,'THP2'!$B$4:$J$8,5,FALSE),'Fuel & Resister'!$B$3:$G$6,3,FALSE) -> 6.354 | AO46: 1 | AP46: 1
B47: nka | C47: =VLOOKUP(B47,[1]SYS!$F$5:$G$359,2,FALSE) -> 70 | D47: Coal | E47: 3HITCH2 | F47: 常陸那珂火力発電所 | G47: 1 | H47: =W47/X47 -> 0.3 | I47: =X47/1000 -> 1 | J47: =1-Y47 -> 0.062 | K47: =Z47/1000 -> 2.40035 | L47: =AA47/1000 -> 2.00279 | M47: =(I47*10^6*L47/AJ47*AI47/10^6)*24*365/1000 -> 6.2519395 | N47: 15 | O47: 403 | P47: 0.05 | Q47: 8 | R47: 1 | S47: 1 | T47: 0 | U47: 1 | V47: 46 | W47: 300 | X47: 1000 | Y47: 0.938 | Z47: 2400.35 | AA47: 2002.79 | AB47: 1500 | AC47: 55 | AD47: =1/Z47*860 -> 0.35828108 | AE47: =1/AA47*860 -> 0.42940099 | AF47: =(L47-H47*K47)/(1-H47) -> 1.8324071 | AG47: =I47*(L47-AF47) -> 0.17038286 | AH47: =AB47/100 -> 15 | AI47: =HLOOKUP(HLOOKUP(G47,'THP2'!$B$4:$J$8,5,FALSE),'Fuel & Resister'!$B$3:$G$6,4,FALSE) -> 2.26424 | AJ47: =HLOOKUP(HLOOKUP(G47,'THP2'!$B$4:$J$8,5,FALSE),'Fuel & Resister'!$B$3:$G$6,3,FALSE) -> 6.354 | AO47: 1 | AP47: 1
B48: siw | C48: =VLOOKUP(B48,[1]SYS!$F$5:$G$359,2,FALSE) -> 64 | D48: Coal | E48: 3HIRON5 | F48: 広野火力発電所 | G48: 1 | H48: =W48/X48 -> 0.3 | I48: =X48/1000 -> 0.6 | J48: =1-Y48 -> 0.062 | K48: =Z48/1000 -> 2.40035 | L48: =AA48/1000 -> 2.00279 | M48: =(I48*10^6*L48/AJ48*AI48/10^6)*24*365/1000 -> 3.7511637 | N48: 6.145 | O48: 603 | P48: 0.05 | Q48: 8 | R48: 1 | S48: 1 | T48: 0 | U48: 1 | V48: 47 | W48: 180 | X48: 600 | Y48: 0.938 | Z48: 2400.35 | AA48: 2002.79 | AB48: 614.5 | AC48: 55 | AD48: =1/Z48*860 -> 0.35828108 | AE48: =1/AA48*860 -> 0.42940099 | AF48: =(L48-H48*K48)/(1-H48) -> 1.8324071 | AG48: =I48*(L48-AF48) -> 0.10222971 | AH48: =AB48/100 -> 6.145 | AI48: =HLOOKUP(HLOOKUP(G48,'THP2'!$B$4:$J$8,5,FALSE),'Fuel & Resister'!$B$3:$G$6,4,FALSE) -> 2.26424 | AJ48: =HLOOKUP(HLOOKUP(G48,'THP2'!$B$4:$J$8,5,FALSE),'Fuel & Resister'!$B$3:$G$6,3,FALSE) -> 6.354 | AO48: 1 | AP48: 1
... B52: keh | C52: =VLOOKUP(B52,[1]SYS!$F$5:$G$359,2,FALSE) -> 104 | D52: Coal | E52: 3J-SEIS | F52: 日本製紙富士工場 | G52: 1 | H52: =W52/X52 -> 0.30434783 | I52: =X52/1000 -> 0.092 | J52: =1-Y52 -> 0.06 | K52: =Z52/1000 -> 2.56056 | L52: =AA52/1000 -> 2.13647 | M52: =(I52*10^6*L52/AJ52*AI52/10^6)*24*365/1000 -> 0.61356981 | N52: 0.736 | O52: 302 | P52: 0 | Q52: 8 | R52: 1 | S52: 1 | T52: 0 | U52: 1 | V52: 51 | W52: 28 | X52: 92 | Y52: 0.94 | Z52: 2560.56 | AA52: 2136.47 | AB52: 73.6 | AC52: 55 | AD52: =1/Z52*860 -> 0.33586403 | AE52: =1/AA52*860 -> 0.40253315 | AF52: =(L52-H52*K52)/(1-H52) -> 1.9509306 | AG52: =I52*(L52-AF52) -> 0.017069622 | AH52: =AB52/100 -> 0.736 | AI52: =HLOOKUP(HLOOKUP(G52,'THP2'!$B$4:$J$8,5,FALSE),'Fuel & Resister'!$B$3:$G$6,4,FALSE) -> 2.26424 | AJ52: =HLOOKUP(HLOOKUP(G52,'THP2'!$B$4:$J$8,5,FALSE),'Fuel & Resister'!$B$3:$G$6,3,FALSE) -> 6.354 | AO52: 1 | AP52: 1
B53: keh | C53: =VLOOKUP(B53,[1]SYS!$F$5:$G$359,2,FALSE) -> 104 | D53: Coal | E53: 3IP-SUMI | G53: 1 | H53: =W53/X53 -> 0.29980276 | I53: =X53/1000 -> 0.507 | J53: =1-Y53 -> 0.049 | K53: =Z53/1000 -> 2.60693 | L53: =AA53/1000 -> 2.17516 | M53: =(I53*10^6*L53/AJ53*AI53/10^6)*24*365/1000 -> 3.4425362 | N53: 5.0895 | O53: 603 | P53: 0 | Q53: 8 | R53: 1 | S53: 1 | T53: 0 | U53: 1 | V53: 52 | W53: 152 | X53: 507 | Y53: 0.951 | Z53: 2606.93 | AA53: 2175.16 | AB53: 508.95 | AC53: 55 | AD53: =1/Z53*860 -> 0.32988995 | AE53: =1/AA53*860 -> 0.39537321 | AF53: =(L53-H53*K53)/(1-H53) -> 1.9902895 | AG53: =I53*(L53-AF53) -> 0.093729361 | AH53: =AB53/100 -> 5.0895 | AI53: =HLOOKUP(HLOOKUP(G53,'THP2'!$B$4:$J$8,5,FALSE),'Fuel & Resister'!$B$3:$G$6,4,FALSE) -> 2.26424 | AJ53: =HLOOKUP(HLOOKUP(G53,'THP2'!$B$4:$J$8,5,FALSE),'Fuel & Resister'!$B$3:$G$6,3,FALSE) -> 6.354 | AO53: 1 | AP53: 1
B54: kge | C54: =VLOOKUP(B54,[1]SYS!$F$5:$G$359,2,FALSE) -> 155 | D54: Coal | E54: 4AD_COAL | G54: 1 | H54: =W54/X54 -> 0.3 | I54: =X54/1000 -> 1 | J54: =1-Y54 -> 0.052 | K54: =Z54/1000 -> 2.4612 | L54: =AA54/1000 -> 2.05357 | M54: =(I54*10^6*L54/AJ54*AI54/10^6)*24*365/1000 -> 6.4104551 | N54: 15 | O54: 702 | P54: 0.05 | Q54: 8 | R54: 1 | S54: 1 | T54: 0 | U54: 0 | V54: 53 | W54: 300 | X54: 1000 | Y54: 0.948 | Z54: 2461.2 | AA54: 2053.57 | AB54: 1500 | AC54: 55 | AD54: =1/Z54*860 -> 0.34942305 | AE54: =1/AA54*860 -> 0.4187829 | AF54: =(L54-H54*K54)/(1-H54) -> 1.8788714 | AG54: =I54*(L54-AF54) -> 0.17469857 | AH54: =AB54/100 -> 15 | AI54: =HLOOKUP(HLOOKUP(G54,'THP2'!$B$4:$J$8,5,FALSE),'Fuel & Resister'!$B$3:$G$6,4,FALSE) -> 2.26424 | AJ54: =HLOOKUP(HLOOKUP(G54,'THP2'!$B$4:$J$8,5,FALSE),'Fuel & Resister'!$B$3:$G$6,3,FALSE) -> 6.354 | AO54: 0 | AP54: 0
B55: kge | C55: =VLOOKUP(B55,[1]SYS!$F$5:$G$359,2,FALSE) -> 155 | D55: Coal | E55: 4AD_COAL | G55: 1 | H55: =W55/X55 -> 0.3 | I55: =X55/1000 -> 1 | J55: =1-Y55 -> 0.052 | K55: =Z55/1000 -> 2.4612 | L55: =AA55/1000 -> 2.05357 | M55: =(I55*10^6*L55/AJ55*AI55/10^6)*24*365/1000 -> 6.4104551 | N55: 15 | O55: 104 | P55: 0.05 | Q55: 8 | R55: 1 | S55: 1 | T55: 0 | U55: 0 | V55: 54 | W55: 300 | X55: 1000 | Y55: 0.948 | Z55: 2461.2 | AA55: 2053.57 | AB55: 1500 | AC55: 55 | AD55: =1/Z55*860 -> 0.34942305 | AE55: =1/AA55*860 -> 0.4187829 | AF55: =(L55-H55*K55)/(1-H55) -> 1.8788714 | AG55: =I55*(L55-AF55) -> 0.17469857 | AH55: =AB55/100 -> 15 | AI55: =HLOOKUP(HLOOKUP(G55,'THP2'!$B$4:$J$8,5,FALSE),'Fuel & Resister'!$B$3:$G$6,4,FALSE) -> 2.26424 | AJ55: =HLOOKUP(HLOOKUP(G55,'THP2'!$B$4:$J$8,5,FALSE),'Fuel & Resister'!$B$3:$G$6,3,FALSE) -> 6.354 | AO55: 0 | AP55: 0
B56: kge | C56: =VLOOKUP(B56,[1]SYS!$F$5:$G$359,2,FALSE) -> 155 | D56: Coal | E56: 4AD_COAL | G56: 1 | H56: =W56/X56 -> 0.3 | I56: =X56/1000 -> 1 | J56: =1-Y56 -> 0.052 | K56: =Z56/1000 -> 2.4612 | L56: =AA56/1000 -> 2.05357 | M56: =(I56*10^6*L56/AJ56*AI56/10^6)*24*365/1000 -> 6.4104551 | N56: 15 | O56: 1103 | P56: 0.05 | Q56: 8 | R56: 1 | S56: 1 | T56: 0 | U56: 0 | V56: 55 | W56: 300 | X56: 1000 | Y56: 0.948 | Z56: 2461.2 | AA56: 2053.57 | AB56: 1500 | AC56: 55 | AD56: =1/Z56*860 -> 0.34942305 | AE56: =1/AA56*860 -> 0.4187829 | AF56: =(L56-H56*K56)/(1-H56) -> 1.8788714 | AG56: =I56*(L56-AF56) -> 0.17469857 | AH56: =AB56/100 -> 15 | AI56: =HLOOKUP(HLOOKUP(G56,'THP2'!$B$4:$J$8,5,FALSE),'Fuel & Resister'!$B$3:$G$6,4,FALSE) -> 2.26424 | AJ56: =HLOOKUP(HLOOKUP(G56,'THP2'!$B$4:$J$8,5,FALSE),'Fuel & Resister'!$B$3:$G$6,3,FALSE) -> 6.354 | AO56: 0 | AP56: 0
B57: kge | C57: =VLOOKUP(B57,[1]SYS!$F$5:$G$359,2,FALSE) -> 155 | D57: Coal | E57: 4AD_COAL | G57: 1 | H57: =W57/X57 -> 0.3 | I57: =X57/1000 -> 1 | J57: =1-Y57 -> 0.052 | K57: =Z57/1000 -> 2.4612 | L57: =AA57/1000 -> 2.05357 | M57: =(I57*10^6*L57/AJ57*AI57/10^6)*24*365/1000 -> 6.4104551 | N57: 15 | O57: 305 | P57: 0.05 | Q57: 8 | R57: 1 | S57: 1 | T57: 0 | U57: 0 | V57: 56 | W57: 300 | X57: 1000 | Y57: 0.948 | Z57: 2461.2 | AA57: 2053.57 | AB57: 1500 | AC57: 55 | AD57: =1/Z57*860 -> 0.34942305 | AE57: =1/AA57*860 -> 0.4187829 | AF57: =(L57-H57*K57)/(1-H57) -> 1.8788714 | AG57: =I57*(L57-AF57) -> 0.17469857 | AH57: =AB57/100 -> 15 | AI57: =HLOOKUP(HLOOKUP(G57,'THP2'!$B$4:$J$8,5,FALSE),'Fuel & Resister'!$B$3:$G$6,4,FALSE) -> 2.26424 | AJ57: =HLOOKUP(HLOOKUP(G57,'THP2'!$B$4:$J$8,5,FALSE),'Fuel & Resister'!$B$3:$G$6,3,FALSE) -> 6.354 | AO57: 0 | AP57: 0
B58: kge | C58: =VLOOKUP(B58,[1]SYS!$F$5:$G$359,2,FALSE) -> 155 | D58: Coal | E58: 4AD_COAL | G58: 1 | H58: =W58/X58 -> 0.3 | I58: =X58/1000 -> 1 | J58: =1-Y58 -> 0.052 | K58: =Z58/1000 -> 2.4612 | L58: =AA58/1000 -> 2.05357 | M58: =(I58*10^6*L58/AJ58*AI58/10^6)*24*365/1000 -> 6.4104551 | N58: 15 | O58: 906 | P58: 0.05 | Q58: 8 | R58: 1 | S58: 1 | T58: 0 | U58: 0 | V58: 57 | W58: 300 | X58: 1000 | Y58: 0.948 | Z58: 2461.2 | AA58: 2053.57 | AB58: 1500 | AC58: 55 | AD58: =1/Z58*860 -> 0.34942305 | AE58: =1/AA58*860 -> 0.4187829 | AF58: =(L58-H58*K58)/(1-H58) -> 1.8788714 | AG58: =I58*(L58-AF58) -> 0.17469857 | AH58: =AB58/100 -> 15 | AI58: =HLOOKUP(HLOOKUP(G58,'THP2'!$B$4:$J$8,5,FALSE),'Fuel & Resister'!$B$3:$G$6,4,FALSE) -> 2.26424 | AJ58: =HLOOKUP(HLOOKUP(G58,'THP2'!$B$4:$J$8,5,FALSE),'Fuel & Resister'!$B$3:$G$6,3,FALSE) -> 6.354 | AO58: 0 | AP58: 0
B59: kge | C59: =VLOOKUP(B59,[1]SYS!$F$5:$G$359,2,FALSE) -> 155 | D59: Coal | E59: 4AD_COAL | G59: 1 | H59: =W59/X59 -> 0.3 | I59: =X59/1000 -> 1 | J59: =1-Y59 -> 0.052 | K59: =Z59/1000 -> 2.4612 | L59: =AA59/1000 -> 2.05357 | M59: =(I59*10^6*L59/AJ59*AI59/10^6)*24*365/1000 -> 6.4104551 | N59: 15 | O59: 504 | P59: 0.05 | Q59: 8 | R59: 1 | S59: 1 | T59: 0 | U59: 0 | V59: 58 | W59: 300 | X59: 1000 | Y59: 0.948 | Z59: 2461.2 | AA59: 2053.57 | AB59: 1500 | AC59: 55 | AD59: =1/Z59*860 -> 0.34942305 | AE59: =1/AA59*860 -> 0.4187829 | AF59: =(L59-H59*K59)/(1-H59) -> 1.8788714 | AG59: =I59*(L59-AF59) -> 0.17469857 | AH59: =AB59/100 -> 15 | AI59: =HLOOKUP(HLOOKUP(G59,'THP2'!$B$4:$J$8,5,FALSE),'Fuel & Resister'!$B$3:$G$6,4,FALSE) -> 2.26424 | AJ59: =HLOOKUP(HLOOKUP(G59,'THP2'!$B$4:$J$8,5,FALSE),'Fuel & Resister'!$B$3:$G$6,3,FALSE) -> 6.354 | AO59: 0 | AP59: 0
B60: kge | C60: =VLOOKUP(B60,[1]SYS!$F$5:$G$359,2,FALSE) -> 155 | D60: Coal | E60: 4TAKET5 | F60: 武豊火力発電所 | G60: 1 | H60: =W60/X60 -> 0.3 | I60: =X60/1000 -> 1.07 | J60: =1-Y60 -> 0.0654 | K60: =Z60/1000 -> 2.41102 | L60: =AA60/1000 -> 2.0117 | M60: =(I60*10^6*L60/AJ60*AI60/10^6)*24*365/1000 -> 6.7193358 | N60: 16.8013 | O60: 401 | P60: 0.05 | Q60: 8 | R60: 1 | S60: 1 | T60: 0 | U60: 1 | V60: 59 | W60: 321 | X60: 1070 | Y60: 0.9346 | Z60: 2411.02 | AA60: 2011.7 | AB60: 1680.13 | AC60: 55 | AD60: =1/Z60*860 -> 0.35669551 | AE60: =1/AA60*860 -> 0.42749913 | AF60: =(L60-H60*K60)/(1-H60) -> 1.8405629 | AG60: =I60*(L60-AF60) -> 0.18311674 | AH60: =AB60/100 -> 16.8013 | AI60: =HLOOKUP(HLOOKUP(G60,'THP2'!$B$4:$J$8,5,FALSE),'Fuel & Resister'!$B$3:$G$6,4,FALSE) -> 2.26424 | AJ60: =HLOOKUP(HLOOKUP(G60,'THP2'!$B$4:$J$8,5,FALSE),'Fuel & Resister'!$B$3:$G$6,3,FALSE) -> 6.354 | AO60: 1 | AP60: 1
B61: kou | C61: =VLOOKUP(B61,[1]SYS!$F$5:$G$359,2,FALSE) -> 187 | D61: Coal | E61: 4HEKIN5 | F61: 碧南火力発電所 | G61: 1 | H61: =W61/X61 -> 0.3 | I61: =X61/1000 -> 1 | J61: =1-Y61 -> 0.052 | K61: =Z61/1000 -> 2.4612 | L61: =AA61/1000 -> 2.05357 | M61: =(I61*10^6*L61/AJ61*AI61/10^6)*24*365/1000 -> 6.4104551 | N61: 15 | O61: 603 | P61: 0.05 | Q61: 8 | R61: 1 | S61: 1 | T61: 0 | U61: 1 | V61: 60 | W61: 300 | X61: 1000 | Y61: 0.948 | Z61: 2461.2 | AA61: 2053.57 | AB61: 1500 | AC61: 55 | AD61: =1/Z61*860 -> 0.34942305 | AE61: =1/AA61*860 -> 0.4187829 | AF61: =(L61-H61*K61)/(1-H61) -> 1.8788714 | AG61: =I61*(L61-AF61) -> 0.17469857 | AH61: =AB61/100 -> 15 | AI61: =HLOOKUP(HLOOKUP(G61,'THP2'!$B$4:$J$8,5,FALSE),'Fuel & Resister'!$B$3:$G$6,4,FALSE) -> 2.26424 | AJ61: =HLOOKUP(HLOOKUP(G61,'THP2'!$B$4:$J$8,5,FALSE),'Fuel & Resister'!$B$3:$G$6,3,FALSE) -> 6.354 | AO61: 1 | AP61: 1
B62: kou | C62: =VLOOKUP(B62,[1]SYS!$F$5:$G$359,2,FALSE) -> 187 | D62: Coal | E62: 4HEKIN4 | F62: 碧南火力発電所 | G62: 1 | H62: =W62/X62 -> 0.3 | I62: =X62/1000 -> 1 | J62: =1-Y62 -> 0.054 | K62: =Z62/1000 -> 2.46913 | L62: =AA62/1000 -> 2.06018 | M62: =(I62*10^6*L62/AJ62*AI62/10^6)*24*365/1000 -> 6.431089 | N62: 15 | O62: 401 | P62: 0.05 | Q62: 8 | R62: 1 | S62: 1 | T62: 0 | U62: 1 | V62: 61 | W62: 300 | X62: 1000 | Y62: 0.946 | Z62: 2469.13 | AA62: 2060.18 | AB62: 1500 | AC62: 55 | AD62: =1/Z62*860 -> 0.34830082 | AE62: =1/AA62*860 -> 0.41743925 | AF62: =(L62-H62*K62)/(1-H62) -> 1.8849157 | AG62: =I62*(L62-AF62) -> 0.17526429 | AH62: =AB62/100 -> 15 | AI62: =HLOOKUP(HLOOKUP(G62,'THP2'!$B$4:$J$8,5,FALSE),'Fuel & Resister'!$B$3:$G$6,4,FALSE) -> 2.26424 | AJ62: =HLOOKUP(HLOOKUP(G62,'THP2'!$B$4:$J$8,5,FALSE),'Fuel & Resister'!$B$3:$G$6,3,FALSE) -> 6.354 | AO62: 1 | AP62: 1
B63: thr | C63: =VLOOKUP(B63,[1]SYS!$F$5:$G$359,2,FALSE) -> 190 | D63: Coal | E63: 4IP-AKEM | F63: 明海発電豊橋発電所 | G63: 1 | H63: =W63/X63 -> 0.29931973 | I63: =X63/1000 -> 0.147 | J63: =1-Y63 -> 0.0816 | K63: =Z63/1000 -> 2.5723 | L63: =AA63/1000 -> 2.14626 | M63: =(I63*10^6*L63/AJ63*AI63/10^6)*24*365/1000 -> 0.98487025 | N63: 1.176 | O63: 1004 | P63: 0 | Q63: 8 | R63: 1 | S63: 1 | T63: 0 | U63: 0 | V63: 62 | W63: 44 | X63: 147 | Y63: 0.9184 | Z63: 2572.3 | AA63: 2146.26 | AB63: 117.6 | AC63: 55 | AD63: =1/Z63*860 -> 0.33433114 | AE63: =1/AA63*860 -> 0.40069703 | AF63: =(L63-H63*K63)/(1-H63) -> 1.9642623 | AG63: =I63*(L63-AF63) -> 0.026753657 | AH63: =AB63/100 -> 1.176 | AI63: =HLOOKUP(HLOOKUP(G63,'THP2'!$B$4:$J$8,5,FALSE),'Fuel & Resister'!$B$3:$G$6,4,FALSE) -> 2.26424 | AJ63: =HLOOKUP(HLOOKUP(G63,'THP2'!$B$4:$J$8,5,FALSE),'Fuel & Resister'!$B$3:$G$6,3,FALSE) -> 6.354 | AO63: 0 | AP63: 0
B64: thr | C64: =VLOOKUP(B64,[1]SYS!$F$5:$G$359,2,FALSE) -> 190 | D64: Coal | E64: 4FJ-SUZU | G64: 1 | H64: =W64/X64 -> 0.30357143 | I64: =X64/1000 -> 0.112 | J64: =1-Y64 -> 0.064 | K64: =Z64/1000 -> 2.57678 | L64: =AA64/1000 -> 2.15 | M64: =(I64*10^6*L64/AJ64*AI64/10^6)*24*365/1000 -> 0.75168492 | N64: 0.896 | O64: 1004 | P64: 0 | Q64: 8 | R64: 1 | S64: 1 | T64: 0 | U64: 1 | V64: 63 | W64: 34 | X64: 112 | Y64: 0.936 | Z64: 2576.78 | AA64: 2150 | AB64: 89.6 | AC64: 55 | AD64: =1/Z64*860 -> 0.33374987 | AE64: =1/AA64*860 -> 0.4 | AF64: =(L64-H64*K64)/(1-H64) -> 1.9639677 | AG64: =I64*(L64-AF64) -> 0.020835618 | AH64: =AB64/100 -> 0.896 | AI64: =HLOOKUP(HLOOKUP(G64,'THP2'!$B$4:$J$8,5,FALSE),'Fuel & Resister'!$B$3:$G$6,4,FALSE) -> 2.26424 | AJ64: =HLOOKUP(HLOOKUP(G64,'THP2'!$B$4:$J$8,5,FALSE),'Fuel & Resister'!$B$3:$G$6,3,FALSE) -> 6.354 | AO64: 1 | AP64: 1
B65: kou | C65: =VLOOKUP(B65,[1]SYS!$F$5:$G$359,2,FALSE) -> 187 | D65: Coal | E65: 4HEKIN3 | F65: 碧南火力発電所 | G65: 1 | H65: =W65/X65 -> 0.3 | I65: =X65/1000 -> 0.7 | J65: =1-Y65 -> 0.0563 | K65: =Z65/1000 -> 2.58247 | L65: =AA65/1000 -> 2.15475 | M65: =(I65*10^6*L65/AJ65*AI65/10^6)*24*365/1000 -> 4.7084101 | N65: 7.28 | O65: 504 | P65: 0.05 | Q65: 8 | R65: 1 | S65: 1 | T65: 0 | U65: 0 | V65: 64 | W65: 210 | X65: 700 | Y65: 0.9437 | Z65: 2582.47 | AA65: 2154.75 | AB65: 728 | AC65: 55 | AD65: =1/Z65*860 -> 0.33301452 | AE65: =1/AA65*860 -> 0.39911823 | AF65: =(L65-H65*K65)/(1-H65) -> 1.9714414 | AG65: =I65*(L65-AF65) -> 0.128316 | AH65: =AB65/100 -> 7.28 | AI65: =HLOOKUP(HLOOKUP(G65,'THP2'!$B$4:$J$8,5,FALSE),'Fuel & Resister'!$B$3:$G$6,4,FALSE) -> 2.26424 | AJ65: =HLOOKUP(HLOOKUP(G65,'THP2'!$B$4:$J$8,5,FALSE),'Fuel & Resister'!$B$3:$G$6,3,FALSE) -> 6.354 | AO65: 0 | AP65: 0
B66: kou | C66: =VLOOKUP(B66,[1]SYS!$F$5:$G$359,2,FALSE) -> 187 | D66: Coal | E66: 4HEKIN1 | F66: 碧南火力発電所 | G66: 1 | H66: =W66/X66 -> 0.3 | I66: =X66/1000 -> 0.7 | J66: =1-Y66 -> 0.0581 | K66: =Z66/1000 -> 2.59086 | L66: =AA66/1000 -> 2.16175 | M66: =(I66*10^6*L66/AJ66*AI66/10^6)*24*365/1000 -> 4.723706 | N66: 7.28 | O66: 903 | P66: 0.05 | Q66: 8 | R66: 1 | S66: 1 | T66: 0 | U66: 0 | V66: 65 | W66: 210 | X66: 700 | Y66: 0.9419 | Z66: 2590.86 | AA66: 2161.75 | AB66: 728 | AC66: 55 | AD66: =1/Z66*860 -> 0.33193611 | AE66: =1/AA66*860 -> 0.39782584 | AF66: =(L66-H66*K66)/(1-H66) -> 1.9778457 | AG66: =I66*(L66-AF66) -> 0.128733 | AH66: =AB66/100 -> 7.28 | AI66: =HLOOKUP(HLOOKUP(G66,'THP2'!$B$4:$J$8,5,FALSE),'Fuel & Resister'!$B$3:$G$6,4,FALSE) -> 2.26424 | AJ66: =HLOOKUP(HLOOKUP(G66,'THP2'!$B$4:$J$8,5,FALSE),'Fuel & Resister'!$B$3:$G$6,3,FALSE) -> 6.354 | AO66: 0 | AP66: 0
B67: kou | C67: =VLOOKUP(B67,[1]SYS!$F$5:$G$359,2,FALSE) -> 187 | D67: Coal | E67: 4HEKIN2 | F67: 碧南火力発電所 | G67: 1 | H67: =W67/X67 -> 0.3 | I67: =X67/1000 -> 0.7 | J67: =1-Y67 -> 0.0581 | K67: =Z67/1000 -> 2.59086 | L67: =AA67/1000 -> 2.16175 | M67: =(I67*10^6*L67/AJ67*AI67/10^6)*24*365/1000 -> 4.723706 | N67: 7.28 | O67: 504 | P67: 0.05 | Q67: 8 | R67: 1 | S67: 1 | T67: 0 | U67: 0 | V67: 66 | W67: 210 | X67: 700 | Y67: 0.9419 | Z67: 2590.86 | AA67: 2161.75 | AB67: 728 | AC67: 55 | AD67: =1/Z67*860 -> 0.33193611 | AE67: =1/AA67*860 -> 0.39782584 | AF67: =(L67-H67*K67)/(1-H67) -> 1.9778457 | AG67: =I67*(L67-AF67) -> 0.128733 | AH67: =AB67/100 -> 7.28 | AI67: =HLOOKUP(HLOOKUP(G67,'THP2'!$B$4:$J$8,5,FALSE),'Fuel & Resister'!$B$3:$G$6,4,FALSE) -> 2.26424 | AJ67: =HLOOKUP(HLOOKUP(G67,'THP2'!$B$4:$J$8,5,FALSE),'Fuel & Resister'!$B$3:$G$6,3,FALSE) -> 6.354 | AO67: 0 | AP67: 0
B68: kge | C68: =VLOOKUP(B68,[1]SYS!$F$5:$G$359,2,FALSE) -> 155 | D68: Coal | E68: 4IPNAKA2 | F68: 中山名古屋共同発電名古屋発電所 | G68: 1 | H68: =W68/X68 -> 0.3 | I68: =X68/1000 -> 0.11 | J68: =1-Y68 -> 0.0645 | K68: =Z68/1000 -> 2.80085 | L68: =AA68/1000 -> 2.33696 | M68: =(I68*10^6*L68/AJ68*AI68/10^6)*24*365/1000 -> 0.80245986 | N68: 0.88 | O68: 1002 | P68: 0 | Q68: 8 | R68: 1 | S68: 1 | T68: 0 | U68: 1 | V68: 67 | W68: 33 | X68: 110 | Y68: 0.9355 | Z68: 2800.85 | AA68: 2336.96 | AB68: 88 | AC68: 55 | AD68: =1/Z68*860 -> 0.30704965 | AE68: =1/AA68*860 -> 0.36799945 | AF68: =(L68-H68*K68)/(1-H68) -> 2.13815 | AG68: =I68*(L68-AF68) -> 0.0218691 | AH68: =AB68/100 -> 0.88 | AI68: =HLOOKUP(HLOOKUP(G68,'THP2'!$B$4:$J$8,5,FALSE),'Fuel & Resister'!$B$3:$G$6,4,FALSE) -> 2.26424 | AJ68: =HLOOKUP(HLOOKUP(G68,'THP2'!$B$4:$J$8,5,FALSE),'Fuel & Resister'!$B$3:$G$6,3,FALSE) -> 6.354 | AO68: 1 | AP68: 1
B69: kge | C69: =VLOOKUP(B69,[1]SYS!$F$5:$G$359,2,FALSE) -> 155 | D69: Coal | E69: 4IPNAKA1 | F69: 中山名古屋共同発電名古屋発電所 | G69: 1 | H69: =W69/X69 -> 0.30201342 | I69: =X69/1000 -> 0.149 | J69: =1-Y69 -> 0.0645 | K69: =Z69/1000 -> 2.80085 | L69: =AA69/1000 -> 2.33696 | M69: =(I69*10^6*L69/AJ69*AI69/10^6)*24*365/1000 -> 1.0869684 | N69: 1.192 | O69: 1002 | P69: 0 | Q69: 8 | R69: 1 | S69: 1 | T69: 0 | U69: 0 | V69: 68 | W69: 45 | X69: 149 | Y69: 0.9355 | Z69: 2800.85 | AA69: 2336.96 | AB69: 119.2 | AC69: 55 | AD69: =1/Z69*860 -> 0.30704965 | AE69: =1/AA69*860 -> 0.36799945 | AF69: =(L69-H69*K69)/(1-H69) -> 2.1362384 | AG69: =I69*(L69-AF69) -> 0.029907524 | AH69: =AB69/100 -> 1.192 | AI69: =HLOOKUP(HLOOKUP(G69,'THP2'!$B$4:$J$8,5,FALSE),'Fuel & Resister'!$B$3:$G$6,4,FALSE) -> 2.26424 | AJ69: =HLOOKUP(HLOOKUP(G69,'THP2'!$B$4:$J$8,5,FALSE),'Fuel & Resister'!$B$3:$G$6,3,FALSE) -> 6.354 | AO69: 0 | AP69: 0
B70: nnj | C70: =VLOOKUP(B70,[1]SYS!$F$5:$G$359,2,FALSE) -> 207 | D70: Coal | E70: 5TURUG2 | F70: 敦賀火力発電所 | G70: 1 | H70: =W70/X70 -> 0.2 | I70: =X70/1000 -> 0.7 | J70: =1-Y70 -> 0.053 | K70: =Z70/1000 -> 2.75476 | L70: =AA70/1000 -> 2.08807 | M70: =(I70*10^6*L70/AJ70*AI70/10^6)*24*365/1000 -> 4.5627056 | N70: 7.28 | O70: 1004 | P70: 0.05 | Q70: 8 | R70: 1 | S70: 1 | T70: 0 | U70: 0 | V70: 69 | W70: 140 | X70: 700 | Y70: 0.947 | Z70: 2754.76 | AA70: 2088.07 | AB70: 728 | AC70: 55 | AD70: =1/Z70*860 -> 0.31218691 | AE70: =1/AA70*860 -> 0.41186359 | AF70: =(L70-H70*K70)/(1-H70) -> 1.9213975 | AG70: =I70*(L70-AF70) -> 0.11667075 | AH70: =AB70/100 -> 7.28 | AI70: =HLOOKUP(HLOOKUP(G70,'THP2'!$B$4:$J$8,5,FALSE),'Fuel & Resister'!$B$3:$G$6,4,FALSE) -> 2.26424 | AJ70: =HLOOKUP(HLOOKUP(G70,'THP2'!$B$4:$J$8,5,FALSE),'Fuel & Resister'!$B$3:$G$6,3,FALSE) -> 6.354 | AO70: 0 | AP70: 0
B71: nnt | C71: =VLOOKUP(B71,[1]SYS!$F$5:$G$359,2,FALSE) -> 201 | D71: Coal | E71: 5NANAO2 | F71: 七尾大田火力発電所 | G71: 1 | H71: =W71/X71 -> 0.2 | I71: =X71/1000 -> 0.7 | J71: =1-Y71 -> 0.051 | K71: =Z71/1000 -> 2.79187 | L71: =AA71/1000 -> 2.1162 | M71: =(I71*10^6*L71/AJ71*AI71/10^6)*24*365/1000 -> 4.6241733 | N71: 7.28 | O71: 504 | P71: 0.05 | Q71: 8 | R71: 1 | S71: 1 | T71: 0 | U71: 0 | V71: 70 | W71: 140 | X71: 700 | Y71: 0.949 | Z71: 2791.87 | AA71: 2116.2 | AB71: 728 | AC71: 55 | AD71: =1/Z71*860 -> 0.30803727 | AE71: =1/AA71*860 -> 0.40638881 | AF71: =(L71-H71*K71)/(1-H71) -> 1.9472825 | AG71: =I71*(L71-AF71) -> 0.11824225 | AH71: =AB71/100 -> 7.28 | AI71: =HLOOKUP(HLOOKUP(G71,'THP2'!$B$4:$J$8,5,FALSE),'Fuel & Resister'!$B$3:$G$6,4,FALSE) -> 2.26424 | AJ71: =HLOOKUP(HLOOKUP(G71,'THP2'!$B$4:$J$8,5,FALSE),'Fuel & Resister'!$B$3:$G$6,3,FALSE) -> 6.354 | AO71: 0 | AP71: 0
B72: nnt | C72: =VLOOKUP(B72,[1]SYS!$F$5:$G$359,2,FALSE) -> 201 | D72: Coal | E72: 5NANAO1 | F72: 七尾大田火力発電所 | G72: 1 | H72: =W72/X72 -> 0.2 | I72: =X72/1000 -> 0.5 | J72: =1-Y72 -> 0.0538 | K72: =Z72/1000 -> 2.82781 | L72: =AA72/1000 -> 2.14344 | M72: =(I72*10^6*L72/AJ72*AI72/10^6)*24*365/1000 -> 3.3454973 | N72: 5.01 | O72: 305 | P72: 0.05 | Q72: 8 | R72: 1 | S72: 1 | T72: 0 | U72: 0 | V72: 71 | W72: 100 | X72: 500 | Y72: 0.9462 | Z72: 2827.81 | AA72: 2143.44 | AB72: 501 | AC72: 55 | AD72: =1/Z72*860 -> 0.30412227 | AE72: =1/AA72*860 -> 0.4012242 | AF72: =(L72-H72*K72)/(1-H72) -> 1.9723475 | AG72: =I72*(L72-AF72) -> 0.08554625 | AH72: =AB72/100 -> 5.01 | AI72: =HLOOKUP(HLOOKUP(G72,'THP2'!$B$4:$J$8,5,FALSE),'Fuel & Resister'!$B$3:$G$6,4,FALSE) -> 2.26424 | AJ72: =HLOOKUP(HLOOKUP(G72,'THP2'!$B$4:$J$8,5,FALSE),'Fuel & Resister'!$B$3:$G$6,3,FALSE) -> 6.354 | AO72: 0 | AP72: 0
B73: nnj | C73: =VLOOKUP(B73,[1]SYS!$F$5:$G$359,2,FALSE) -> 207 | D73: Coal | E73: 5TURUG1 | F73: 敦賀火力発電所 | G73: 1 | H73: =W73/X73 -> 0.2 | I73: =X73/1000 -> 0.5 | J73: =1-Y73 -> 0.0594 | K73: =Z73/1000 -> 2.86813 | L73: =AA73/1000 -> 2.174 | M73: =(I73*10^6*L73/AJ73*AI73/10^6)*24*365/1000 -> 3.3931956 | N73: 5.01 | O73: 903 | P73: 0.05 | Q73: 8 | R73: 1 | S73: 1 | T73: 0 | U73: 0 | V73: 72 | W73: 100 | X73: 500 | Y73: 0.9406 | Z73: 2868.13 | AA73: 2174 | AB73: 501 | AC73: 55 | AD73: =1/Z73*860 -> 0.29984694 | AE73: =1/AA73*860 -> 0.39558418 | AF73: =(L73-H73*K73)/(1-H73) -> 2.0004675 | AG73: =I73*(L73-AF73) -> 0.08676625 | AH73: =AB73/100 -> 5.01 | AI73: =HLOOKUP(HLOOKUP(G73,'THP2'!$B$4:$J$8,5,FALSE),'Fuel & Resister'!$B$3:$G$6,4,FALSE) -> 2.26424 | AJ73: =HLOOKUP(HLOOKUP(G73,'THP2'!$B$4:$J$8,5,FALSE),'Fuel & Resister'!$B$3:$G$6,3,FALSE) -> 6.354 | AO73: 0 | AP73: 0
B74: ayb | C74: =VLOOKUP(B74,[1]SYS!$F$5:$G$359,2,FALSE) -> 220 | D74: Coal | E74: 6AD_COAL | G74: 1 | H74: =W74/X74 -> 0.3 | I74: =X74/1000 -> 0.9 | J74: =1-Y74 -> 0.062 | K74: =Z74/1000 -> 2.41102 | L74: =AA74/1000 -> 2.0117 | M74: =(I74*10^6*L74/AJ74*AI74/10^6)*24*365/1000 -> 5.6517778 | N74: 12.4267 | O74: 305 | P74: 0.05 | Q74: 8 | R74: 1 | S74: 1 | T74: 0 | U74: 0 | V74: 73 | W74: 270 | X74: 900 | Y74: 0.938 | Z74: 2411.02 | AA74: 2011.7 | AB74: 1242.67 | AC74: 55 | AD74: =1/Z74*860 -> 0.35669551 | AE74: =1/AA74*860 -> 0.42749913 | AF74: =(L74-H74*K74)/(1-H74) -> 1.8405629 | AG74: =I74*(L74-AF74) -> 0.15402343 | AH74: =AB74/100 -> 12.4267 | AI74: =HLOOKUP(HLOOKUP(G74,'THP2'!$B$4:$J$8,5,FALSE),'Fuel & Resister'!$B$3:$G$6,4,FALSE) -> 2.26424 | AJ74: =HLOOKUP(HLOOKUP(G74,'THP2'!$B$4:$J$8,5,FALSE),'Fuel & Resister'!$B$3:$G$6,3,FALSE) -> 6.354 | AO74: 0 | AP74: 0
B75: ayb | C75: =VLOOKUP(B75,[1]SYS!$F$5:$G$359,2,FALSE) -> 220 | D75: Coal | E75: 6AD_COAL | G75: 1 | H75: =W75/X75 -> 0.3 | I75: =X75/1000 -> 0.9 | J75: =1-Y75 -> 0.062 | K75: =Z75/1000 -> 2.41102 | L75: =AA75/1000 -> 2.0117 | M75: =(I75*10^6*L75/AJ75*AI75/10^6)*24*365/1000 -> 5.6517778 | N75: 12.4267 | O75: 504 | P75: 0.05 | Q75: 8 | R75: 1 | S75: 1 | T75: 0 | U75: 0 | V75: 74 | W75: 270 | X75: 900 | Y75: 0.938 | Z75: 2411.02 | AA75: 2011.7 | AB75: 1242.67 | AC75: 55 | AD75: =1/Z75*860 -> 0.35669551 | AE75: =1/AA75*860 -> 0.42749913 | AF75: =(L75-H75*K75)/(1-H75) -> 1.8405629 | AG75: =I75*(L75-AF75) -> 0.15402343 | AH75: =AB75/100 -> 12.4267 | AI75: =HLOOKUP(HLOOKUP(G75,'THP2'!$B$4:$J$8,5,FALSE),'Fuel & Resister'!$B$3:$G$6,4,FALSE) -> 2.26424 | AJ75: =HLOOKUP(HLOOKUP(G75,'THP2'!$B$4:$J$8,5,FALSE),'Fuel & Resister'!$B$3:$G$6,3,FALSE) -> 6.354 | AO75: 0 | AP75: 0
B76: ayb | C76: =VLOOKUP(B76,[1]SYS!$F$5:$G$359,2,FALSE) -> 220 | D76: Coal | E76: 6AD_COAL | G76: 1 | H76: =W76/X76 -> 0.3 | I76: =X76/1000 -> 0.9 | J76: =1-Y76 -> 0.062 | K76: =Z76/1000 -> 2.41102 | L76: =AA76/1000 -> 2.0117 | M76: =(I76*10^6*L76/AJ76*AI76/10^6)*24*365/1000 -> 5.6517778 | N76: 12.4267 | O76: 305 | P76: 0.05 | Q76: 8 | R76: 1 | S76: 1 | T76: 0 | U76: 0 | V76: 75 | W76: 270 | X76: 900 | Y76: 0.938 | Z76: 2411.02 | AA76: 2011.7 | AB76: 1242.67 | AC76: 55 | AD76: =1/Z76*860 -> 0.35669551 | AE76: =1/AA76*860 -> 0.42749913 | AF76: =(L76-H76*K76)/(1-H76) -> 1.8405629 | AG76: =I76*(L76-AF76) -> 0.15402343 | AH76: =AB76/100 -> 12.4267 | AI76: =HLOOKUP(HLOOKUP(G76,'THP2'!$B$4:$J$8,5,FALSE),'Fuel & Resister'!$B$3:$G$6,4,FALSE) -> 2.26424 | AJ76: =HLOOKUP(HLOOKUP(G76,'THP2'!$B$4:$J$8,5,FALSE),'Fuel & Resister'!$B$3:$G$6,3,FALSE) -> 6.354 | AO76: 0 | AP76: 0
B77: ayb | C77: =VLOOKUP(B77,[1]SYS!$F$5:$G$359,2,FALSE) -> 220 | D77: Coal | E77: 6AD_COAL | G77: 1 | H77: =W77/X77 -> 0.3 | I77: =X77/1000 -> 0.9 | J77: =1-Y77 -> 0.062 | K77: =Z77/1000 -> 2.41102 | L77: =AA77/1000 -> 2.0117 | M77: =(I77*10^6*L77/AJ77*AI77/10^6)*24*365/1000 -> 5.6517778 | N77: 12.4267 | O77: 504 | P77: 0.05 | Q77: 8 | R77: 1 | S77: 1 | T77: 0 | U77: 0 | V77: 76 | W77: 270 | X77: 900 | Y77: 0.938 | Z77: 2411.02 | AA77: 2011.7 | AB77: 1242.67 | AC77: 55 | AD77: =1/Z77*860 -> 0.35669551 | AE77: =1/AA77*860 -> 0.42749913 | AF77: =(L77-H77*K77)/(1-H77) -> 1.8405629 | AG77: =I77*(L77-AF77) -> 0.15402343 | AH77: =AB77/100 -> 12.4267 | AI77: =HLOOKUP(HLOOKUP(G77,'THP2'!$B$4:$J$8,5,FALSE),'Fuel & Resister'!$B$3:$G$6,4,FALSE) -> 2.26424 | AJ77: =HLOOKUP(HLOOKUP(G77,'THP2'!$B$4:$J$8,5,FALSE),'Fuel & Resister'!$B$3:$G$6,3,FALSE) -> 6.354 | AO77: 0 | AP77: 0
B78: ayb | C78: =VLOOKUP(B78,[1]SYS!$F$5:$G$359,2,FALSE) -> 220 | D78: Coal | E78: 6AD_COAL | G78: 1 | H78: =W78/X78 -> 0.3 | I78: =X78/1000 -> 0.9 | J78: =1-Y78 -> 0.062 | K78: =Z78/1000 -> 2.41102 | L78: =AA78/1000 -> 2.0117 | M78: =(I78*10^6*L78/AJ78*AI78/10^6)*24*365/1000 -> 5.6517778 | N78: 12.4267 | O78: 305 | P78: 0.05 | Q78: 8 | R78: 1 | S78: 1 | T78: 0 | U78: 0 | V78: 77 | W78: 270 | X78: 900 | Y78: 0.938 | Z78: 2411.02 | AA78: 2011.7 | AB78: 1242.67 | AC78: 55 | AD78: =1/Z78*860 -> 0.35669551 | AE78: =1/AA78*860 -> 0.42749913 | AF78: =(L78-H78*K78)/(1-H78) -> 1.8405629 | AG78: =I78*(L78-AF78) -> 0.15402343 | AH78: =AB78/100 -> 12.4267 | AI78: =HLOOKUP(HLOOKUP(G78,'THP2'!$B$4:$J$8,5,FALSE),'Fuel & Resister'!$B$3:$G$6,4,FALSE) -> 2.26424 | AJ78: =HLOOKUP(HLOOKUP(G78,'THP2'!$B$4:$J$8,5,FALSE),'Fuel & Resister'!$B$3:$G$6,3,FALSE) -> 6.354 | AO78: 0 | AP78: 0
B79: ayb | C79: =VLOOKUP(B79,[1]SYS!$F$5:$G$359,2,FALSE) -> 220 | D79: Coal | E79: 6AD_COAL | G79: 1 | H79: =W79/X79 -> 0.3 | I79: =X79/1000 -> 0.9 | J79: =1-Y79 -> 0.062 | K79: =Z79/1000 -> 2.41102 | L79: =AA79/1000 -> 2.0117 | M79: =(I79*10^6*L79/AJ79*AI79/10^6)*24*365/1000 -> 5.6517778 | N79: 12.4267 | O79: 504 | P79: 0.05 | Q79: 8 | R79: 1 | S79: 1 | T79: 0 | U79: 0 | V79: 78 | W79: 270 | X79: 900 | Y79: 0.938 | Z79: 2411.02 | AA79: 2011.7 | AB79: 1242.67 | AC79: 55 | AD79: =1/Z79*860 -> 0.35669551 | AE79: =1/AA79*860 -> 0.42749913 | AF79: =(L79-H79*K79)/(1-H79) -> 1.8405629 | AG79: =I79*(L79-AF79) -> 0.15402343 | AH79: =AB79/100 -> 12.4267 | AI79: =HLOOKUP(HLOOKUP(G79,'THP2'!$B$4:$J$8,5,FALSE),'Fuel & Resister'!$B$3:$G$6,4,FALSE) -> 2.26424 | AJ79: =HLOOKUP(HLOOKUP(G79,'THP2'!$B$4:$J$8,5,FALSE),'Fuel & Resister'!$B$3:$G$6,3,FALSE) -> 6.354 | AO79: 0 | AP79: 0
B80: noa | C80: =VLOOKUP(B80,[1]SYS!$F$5:$G$359,2,FALSE) -> 234 | D80: Coal | E80: 6AD_COAL | G80: 1 | H80: =W80/X80 -> 0.3 | I80: =X80/1000 -> 0.9 | J80: =1-Y80 -> 0.062 | K80: =Z80/1000 -> 2.41102 | L80: =AA80/1000 -> 2.0117 | M80: =(I80*10^6*L80/AJ80*AI80/10^6)*24*365/1000 -> 5.6517778 | N80: 12.4267 | O80: 403 | P80: 0.05 | Q80: 8 | R80: 1 | S80: 1 | T80: 0 | U80: 0 | V80: 79 | W80: 270 | X80: 900 | Y80: 0.938 | Z80: 2411.02 | AA80: 2011.7 | AB80: 1242.67 | AC80: 55 | AD80: =1/Z80*860 -> 0.35669551 | AE80: =1/AA80*860 -> 0.42749913 | AF80: =(L80-H80*K80)/(1-H80) -> 1.8405629 | AG80: =I80*(L80-AF80) -> 0.15402343 | AH80: =AB80/100 -> 12.4267 | AI80: =HLOOKUP(HLOOKUP(G80,'THP2'!$B$4:$J$8,5,FALSE),'Fuel & Resister'!$B$3:$G$6,4,FALSE) -> 2.26424 | AJ80: =HLOOKUP(HLOOKUP(G80,'THP2'!$B$4:$J$8,5,FALSE),'Fuel & Resister'!$B$3:$G$6,3,FALSE) -> 6.354 | AO80: 0 | AP80: 0
B81: noa | C81: =VLOOKUP(B81,[1]SYS!$F$5:$G$359,2,FALSE) -> 234 | D81: Coal | E81: 6AD_COAL | G81: 1 | H81: =W81/X81 -> 0.3 | I81: =X81/1000 -> 0.9 | J81: =1-Y81 -> 0.062 | K81: =Z81/1000 -> 2.41102 | L81: =AA81/1000 -> 2.0117 | M81: =(I81*10^6*L81/AJ81*AI81/10^6)*24*365/1000 -> 5.6517778 | N81: 12.4267 | O81: 603 | P81: 0.05 | Q81: 8 | R81: 1 | S81: 1 | T81: 0 | U81: 0 | V81: 80 | W81: 270 | X81: 900 | Y81: 0.938 | Z81: 2411.02 | AA81: 2011.7 | AB81: 1242.67 | AC81: 55 | AD81: =1/Z81*860 -> 0.35669551 | AE81: =1/AA81*860 -> 0.42749913 | AF81: =(L81-H81*K81)/(1-H81) -> 1.8405629 | AG81: =I81*(L81-AF81) -> 0.15402343 | AH81: =AB81/100 -> 12.4267 | AI81: =HLOOKUP(HLOOKUP(G81,'THP2'!$B$4:$J$8,5,FALSE),'Fuel & Resister'!$B$3:$G$6,4,FALSE) -> 2.26424 | AJ81: =HLOOKUP(HLOOKUP(G81,'THP2'!$B$4:$J$8,5,FALSE),'Fuel & Resister'!$B$3:$G$6,3,FALSE) -> 6.354 | AO81: 0 | AP81: 0
B82: noa | C82: =VLOOKUP(B82,[1]SYS!$F$5:$G$359,2,FALSE) -> 234 | D82: Coal | E82: 6AD_COAL | G82: 1 | H82: =W82/X82 -> 0.3 | I82: =X82/1000 -> 0.9 | J82: =1-Y82 -> 0.062 | K82: =Z82/1000 -> 2.41102 | L82: =AA82/1000 -> 2.0117 | M82: =(I82*10^6*L82/AJ82*AI82/10^6)*24*365/1000 -> 5.6517778 | N82: 12.4267 | O82: 201 | P82: 0.05 | Q82: 8 | R82: 1 | S82: 1 | T82: 0 | U82: 0 | V82: 81 | W82: 270 | X82: 900 | Y82: 0.938 | Z82: 2411.02 | AA82: 2011.7 | AB82: 1242.67 | AC82: 55 | AD82: =1/Z82*860 -> 0.35669551 | AE82: =1/AA82*860 -> 0.42749913 | AF82: =(L82-H82*K82)/(1-H82) -> 1.8405629 | AG82: =I82*(L82-AF82) -> 0.15402343 | AH82: =AB82/100 -> 12.4267 | AI82: =HLOOKUP(HLOOKUP(G82,'THP2'!$B$4:$J$8,5,FALSE),'Fuel & Resister'!$B$3:$G$6,4,FALSE) -> 2.26424 | AJ82: =HLOOKUP(HLOOKUP(G82,'THP2'!$B$4:$J$8,5,FALSE),'Fuel & Resister'!$B$3:$G$6,3,FALSE) -> 6.354 | AO82: 0 | AP82: 0
B83: noa | C83: =VLOOKUP(B83,[1]SYS!$F$5:$G$359,2,FALSE) -> 234 | D83: Coal | E83: 6AD_COAL | G83: 1 | H83: =W83/X83 -> 0.3 | I83: =X83/1000 -> 0.9 | J83: =1-Y83 -> 0.062 | K83: =Z83/1000 -> 2.41102 | L83: =AA83/1000 -> 2.0117 | M83: =(I83*10^6*L83/AJ83*AI83/10^6)*24*365/1000 -> 5.6517778 | N83: 12.4267 | O83: 1103 | P83: 0.05 | Q83: 8 | R83: 1 | S83: 1 | T83: 0 | U83: 0 | V83: 82 | W83: 270 | X83: 900 | Y83: 0.938 | Z83: 2411.02 | AA83: 2011.7 | AB83: 1242.67 | AC83: 55 | AD83: =1/Z83*860 -> 0.35669551 | AE83: =1/AA83*860 -> 0.42749913 | AF83: =(L83-H83*K83)/(1-H83) -> 1.8405629 | AG83: =I83*(L83-AF83) -> 0.15402343 | AH83: =AB83/100 -> 12.4267 | AI83: =HLOOKUP(HLOOKUP(G83,'THP2'!$B$4:$J$8,5,FALSE),'Fuel & Resister'!$B$3:$G$6,4,FALSE) -> 2.26424 | AJ83: =HLOOKUP(HLOOKUP(G83,'THP2'!$B$4:$J$8,5,FALSE),'Fuel & Resister'!$B$3:$G$6,3,FALSE) -> 6.354 | AO83: 0 | AP83: 0
B84: noa | C84: =VLOOKUP(B84,[1]SYS!$F$5:$G$359,2,FALSE) -> 234 | D84: Coal | E84: 6AD_COAL | G84: 1 | H84: =W84/X84 -> 0.3 | I84: =X84/1000 -> 0.9 | J84: =1-Y84 -> 0.062 | K84: =Z84/1000 -> 2.41102 | L84: =AA84/1000 -> 2.0117 | M84: =(I84*10^6*L84/AJ84*AI84/10^6)*24*365/1000 -> 5.6517778 | N84: 12.4267 | O84: 903 | P84: 0.05 | Q84: 8 | R84: 1 | S84: 1 | T84: 0 | U84: 0 | V84: 83 | W84: 270 | X84: 900 | Y84: 0.938 | Z84: 2411.02 | AA84: 2011.7 | AB84: 1242.67 | AC84: 55 | AD84: =1/Z84*860 -> 0.35669551 | AE84: =1/AA84*860 -> 0.42749913 | AF84: =(L84-H84*K84)/(1-H84) -> 1.8405629 | AG84: =I84*(L84-AF84) -> 0.15402343 | AH84: =AB84/100 -> 12.4267 | AI84: =HLOOKUP(HLOOKUP(G84,'THP2'!$B$4:$J$8,5,FALSE),'Fuel & Resister'!$B$3:$G$6,4,FALSE) -> 2.26424 | AJ84: =HLOOKUP(HLOOKUP(G84,'THP2'!$B$4:$J$8,5,FALSE),'Fuel & Resister'!$B$3:$G$6,3,FALSE) -> 6.354 | AO84: 0 | AP84: 0
B85: noa | C85: =VLOOKUP(B85,[1]SYS!$F$5:$G$359,2,FALSE) -> 234 | D85: Coal | E85: 6AD_COAL | G85: 1 | H85: =W85/X85 -> 0.3 | I85: =X85/1000 -> 0.9 | J85: =1-Y85 -> 0.062 | K85: =Z85/1000 -> 2.41102 | L85: =AA85/1000 -> 2.0117 | M85: =(I85*10^6*L85/AJ85*AI85/10^6)*24*365/1000 -> 5.6517778 | N85: 12.4267 | O85: 403 | P85: 0.05 | Q85: 8 | R85: 1 | S85: 1 | T85: 0 | U85: 0 | V85: 84 | W85: 270 | X85: 900 | Y85: 0.938 | Z85: 2411.02 | AA85: 2011.7 | AB85: 1242.67 | AC85: 55 | AD85: =1/Z85*860 -> 0.35669551 | AE85: =1/AA85*860 -> 0.42749913 | AF85: =(L85-H85*K85)/(1-H85) -> 1.8405629 | AG85: =I85*(L85-AF85) -> 0.15402343 | AH85: =AB85/100 -> 12.4267 | AI85: =HLOOKUP(HLOOKUP(G85,'THP2'!$B$4:$J$8,5,FALSE),'Fuel & Resister'!$B$3:$G$6,4,FALSE) -> 2.26424 | AJ85: =HLOOKUP(HLOOKUP(G85,'THP2'!$B$4:$J$8,5,FALSE),'Fuel & Resister'!$B$3:$G$6,3,FALSE) -> 6.354 | AO85: 0 | AP85: 0
B86: nba | C86: =VLOOKUP(B86,[1]SYS!$F$5:$G$359,2,FALSE) -> 209 | D86: Coal | E86: 6IP-KB31 | F86: 神戸発電所 | G86: 1 | H86: =W86/X86 -> 0.3 | I86: =X86/1000 -> 0.65 | J86: =1-Y86 -> 0.0608 | K86: =Z86/1000 -> 2.397 | L86: =AA86/1000 -> 2 | M86: =(I86*10^6*L86/AJ86*AI86/10^6)*24*365/1000 -> 4.0580996 | N86: 6.7125 | O86: 305 | P86: 0.05 | Q86: 8 | R86: 1 | S86: 1 | T86: 0 | U86: 1 | V86: 85 | W86: 195 | X86: 650 | Y86: 0.9392 | Z86: 2397 | AA86: 2000 | AB86: 671.25 | AC86: 55 | AD86: =1/Z86*860 -> 0.35878181 | AE86: =1/AA86*860 -> 0.43 | AF86: =(L86-H86*K86)/(1-H86) -> 1.8298571 | AG86: =I86*(L86-AF86) -> 0.11059286 | AH86: =AB86/100 -> 6.7125 | AI86: =HLOOKUP(HLOOKUP(G86,'THP2'!$B$4:$J$8,5,FALSE),'Fuel & Resister'!$B$3:$G$6,4,FALSE) -> 2.26424 | AJ86: =HLOOKUP(HLOOKUP(G86,'THP2'!$B$4:$J$8,5,FALSE),'Fuel & Resister'!$B$3:$G$6,3,FALSE) -> 6.354 | AO86: 1 | AP86: 1
B87: nba | C87: =VLOOKUP(B87,[1]SYS!$F$5:$G$359,2,FALSE) -> 209 | D87: Coal | E87: 6IP-KB32 | F87: 神戸発電所 | G87: 1 | H87: =W87/X87 -> 0.3 | I87: =X87/1000 -> 0.65 | J87: =1-Y87 -> 0.0608 | K87: =Z87/1000 -> 2.397 | L87: =AA87/1000 -> 2 | M87: =(I87*10^6*L87/AJ87*AI87/10^6)*24*365/1000 -> 4.0580996 | N87: 6.7125 | O87: 504 | P87: 0.05 | Q87: 8 | R87: 1 | S87: 1 | T87: 0 | U87: 1 | V87: 86 | W87: 195 | X87: 650 | Y87: 0.9392 | Z87: 2397 | AA87: 2000 | AB87: 671.25 | AC87: 55 | AD87: =1/Z87*860 -> 0.35878181 | AE87: =1/AA87*860 -> 0.43 | AF87: =(L87-H87*K87)/(1-H87) -> 1.8298571 | AG87: =I87*(L87-AF87) -> 0.11059286 | AH87: =AB87/100 -> 6.7125 | AI87: =HLOOKUP(HLOOKUP(G87,'THP2'!$B$4:$J$8,5,FALSE),'Fuel & Resister'!$B$3:$G$6,4,FALSE) -> 2.26424 | AJ87: =HLOOKUP(HLOOKUP(G87,'THP2'!$B$4:$J$8,5,FALSE),'Fuel & Resister'!$B$3:$G$6,3,FALSE) -> 6.354 | AO87: 1 | AP87: 1
B88: ayb | C88: =VLOOKUP(B88,[1]SYS!$F$5:$G$359,2,FALSE) -> 220 | D88: Coal | E88: 6MAIZUR1 | F88: 舞鶴発電所 | G88: 1 | H88: =W88/X88 -> 0.3 | I88: =X88/1000 -> 0.9 | J88: =1-Y88 -> 0.062 | K88: =Z88/1000 -> 2.41102 | L88: =AA88/1000 -> 2.0117 | M88: =(I88*10^6*L88/AJ88*AI88/10^6)*24*365/1000 -> 5.6517778 | N88: 12.4267 | O88: 403 | P88: 0.05 | Q88: 8 | R88: 1 | S88: 1 | T88: 0 | U88: 1 | V88: 87 | W88: 270 | X88: 900 | Y88: 0.938 | Z88: 2411.02 | AA88: 2011.7 | AB88: 1242.67 | AC88: 55 | AD88: =1/Z88*860 -> 0.35669551 | AE88: =1/AA88*860 -> 0.42749913 | AF88: =(L88-H88*K88)/(1-H88) -> 1.8405629 | AG88: =I88*(L88-AF88) -> 0.15402343 | AH88: =AB88/100 -> 12.4267 | AI88: =HLOOKUP(HLOOKUP(G88,'THP2'!$B$4:$J$8,5,FALSE),'Fuel & Resister'!$B$3:$G$6,4,FALSE) -> 2.26424 | AJ88: =HLOOKUP(HLOOKUP(G88,'THP2'!$B$4:$J$8,5,FALSE),'Fuel & Resister'!$B$3:$G$6,3,FALSE) -> 6.354 | AO88: 1 | AP88: 1
B89: ayb | C89: =VLOOKUP(B89,[1]SYS!$F$5:$G$359,2,FALSE) -> 220 | D89: Coal | E89: 6MAIZUR2 | F89: 舞鶴発電所 | G89: 1 | H89: =W89/X89 -> 0.3 | I89: =X89/1000 -> 0.9 | J89: =1-Y89 -> 0.062 | K89: =Z89/1000 -> 2.41102 | L89: =AA89/1000 -> 2.0117 | M89: =(I89*10^6*L89/AJ89*AI89/10^6)*24*365/1000 -> 5.6517778 | N89: 12.4267 | O89: 403 | P89: 0.05 | Q89: 8 | R89: 1 | S89: 1 | T89: 0 | U89: 1 | V89: 88 | W89: 270 | X89: 900 | Y89: 0.938 | Z89: 2411.02 | AA89: 2011.7 | AB89: 1242.67 | AC89: 55 | AD89: =1/Z89*860 -> 0.35669551 | AE89: =1/AA89*860 -> 0.42749913 | AF89: =(L89-H89*K89)/(1-H89) -> 1.8405629 | AG89: =I89*(L89-AF89) -> 0.15402343 | AH89: =AB89/100 -> 12.4267 | AI89: =HLOOKUP(HLOOKUP(G89,'THP2'!$B$4:$J$8,5,FALSE),'Fuel & Resister'!$B$3:$G$6,4,FALSE) -> 2.26424 | AJ89: =HLOOKUP(HLOOKUP(G89,'THP2'!$B$4:$J$8,5,FALSE),'Fuel & Resister'!$B$3:$G$6,3,FALSE) -> 6.354 | AO89: 1 | AP89: 1
B90: nba | C90: =VLOOKUP(B90,[1]SYS!$F$5:$G$359,2,FALSE) -> 209 | D90: Coal | E90: 6IP-KOB2 | F90: 神戸発電所 | G90: 1 | H90: =W90/X90 -> 0.30075188 | I90: =X90/1000 -> 0.665 | J90: =1-Y90 -> 0.06 | K90: =Z90/1000 -> 2.57678 | L90: =AA90/1000 -> 2.15 | M90: =(I90*10^6*L90/AJ90*AI90/10^6)*24*365/1000 -> 4.4631292 | N90: 6.8828 | O90: 504 | P90: 0.05 | Q90: 8 | R90: 1 | S90: 1 | T90: 0 | U90: 1 | V90: 89 | W90: 200 | X90: 665 | Y90: 0.94 | Z90: 2576.78 | AA90: 2150 | AB90: 688.28 | AC90: 55 | AD90: =1/Z90*860 -> 0.33374987 | AE90: =1/AA90*860 -> 0.4 | AF90: =(L90-H90*K90)/(1-H90) -> 1.9664387 | AG90: =I90*(L90-AF90) -> 0.12206826 | AH90: =AB90/100 -> 6.8828 | AI90: =HLOOKUP(HLOOKUP(G90,'THP2'!$B$4:$J$8,5,FALSE),'Fuel & Resister'!$B$3:$G$6,4,FALSE) -> 2.26424 | AJ90: =HLOOKUP(HLOOKUP(G90,'THP2'!$B$4:$J$8,5,FALSE),'Fuel & Resister'!$B$3:$G$6,3,FALSE) -> 6.354 | AO90: 1 | AP90: 1
B91: nba | C91: =VLOOKUP(B91,[1]SYS!$F$5:$G$359,2,FALSE) -> 209 | D91: Coal | E91: 6IP-KOB1 | F91: 神戸発電所 | G91: 1 | H91: =W91/X91 -> 0.30075188 | I91: =X91/1000 -> 0.665 | J91: =1-Y91 -> 0.0514 | K91: =Z91/1000 -> 2.60035 | L91: =AA91/1000 -> 2.16967 | M91: =(I91*10^6*L91/AJ91*AI91/10^6)*24*365/1000 -> 4.5039616 | N91: 6.8828 | O91: 305 | P91: 0.05 | Q91: 8 | R91: 1 | S91: 1 | T91: 0 | U91: 1 | V91: 90 | W91: 200 | X91: 665 | Y91: 0.9486 | Z91: 2600.35 | AA91: 2169.67 | AB91: 688.28 | AC91: 55 | AD91: =1/Z91*860 -> 0.33072471 | AE91: =1/AA91*860 -> 0.39637364 | AF91: =(L91-H91*K91)/(1-H91) -> 1.9844313 | AG91: =I91*(L91-AF91) -> 0.12318374 | AH91: =AB91/100 -> 6.8828 | AI91: =HLOOKUP(HLOOKUP(G91,'THP2'!$B$4:$J$8,5,FALSE),'Fuel & Resister'!$B$3:$G$6,4,FALSE) -> 2.26424 | AJ91: =HLOOKUP(HLOOKUP(G91,'THP2'!$B$4:$J$8,5,FALSE),'Fuel & Resister'!$B$3:$G$6,3,FALSE) -> 6.354 | AO91: 1 | AP91: 1
B92: hmj | C92: =VLOOKUP(B92,[1]SYS!$F$5:$G$359,2,FALSE) -> 226 | D92: Coal | E92: 6IP-SEIS | F92: 日本製鉄広畑製鉄所 | G92: 1 | H92: =W92/X92 -> 0.30075188 | I92: =X92/1000 -> 0.133 | J92: =1-Y92 -> 0.06 | K92: =Z92/1000 -> 2.6328 | L92: =AA92/1000 -> 2.19674 | M92: =(I92*10^6*L92/AJ92*AI92/10^6)*24*365/1000 -> 0.91203111 | N92: 1.064 | O92: 903 | P92: 0 | Q92: 8 | R92: 1 | S92: 1 | T92: 0 | U92: 0 | V92: 91 | W92: 40 | X92: 133 | Y92: 0.94 | Z92: 2632.8 | AA92: 2196.74 | AB92: 106.4 | AC92: 55 | AD92: =1/Z92*860 -> 0.32664844 | AE92: =1/AA92*860 -> 0.39148921 | AF92: =(L92-H92*K92)/(1-H92) -> 2.0091873 | AG92: =I92*(L92-AF92) -> 0.024944508 | AH92: =AB92/100 -> 1.064 | AI92: =HLOOKUP(HLOOKUP(G92,'THP2'!$B$4:$J$8,5,FALSE),'Fuel & Resister'!$B$3:$G$6,4,FALSE) -> 2.26424 | AJ92: =HLOOKUP(HLOOKUP(G92,'THP2'!$B$4:$J$8,5,FALSE),'Fuel & Resister'!$B$3:$G$6,3,FALSE) -> 6.354 | AO92: 0 | AP92: 0
B93: noa | C93: =VLOOKUP(B93,[1]SYS!$F$5:$G$359,2,FALSE) -> 234 | D93: Coal | E93: 6DAICEL | G93: 1 | H93: =W93/X93 -> 0.30337079 | I93: =X93/1000 -> 0.089 | J93: =1-Y93 -> 0 | K93: =Z93/1000 -> 2.96473 | L93: =AA93/1000 -> 2.4737 | M93: =(I93*10^6*L93/AJ93*AI93/10^6)*24*365/1000 -> 0.6872526 | N93: 0.712 | O93: 1202 | P93: 0 | Q93: 8 | R93: 1 | S93: 1 | T93: 0 | U93: 1 | V93: 92 | W93: 27 | X93: 89 | Y93: 1 | Z93: 2964.73 | AA93: 2473.7 | AB93: 71.2 | AC93: 55 | AD93: =1/Z93*860 -> 0.29007701 | AE93: =1/AA93*860 -> 0.34765736 | AF93: =(L93-H93*K93)/(1-H93) -> 2.2598644 | AG93: =I93*(L93-AF93) -> 0.019031372 | AH93: =AB93/100 -> 0.712 | AI93: =HLOOKUP(HLOOKUP(G93,'THP2'!$B$4:$J$8,5,FALSE),'Fuel & Resister'!$B$3:$G$6,4,FALSE) -> 2.26424 | AJ93: =HLOOKUP(HLOOKUP(G93,'THP2'!$B$4:$J$8,5,FALSE),'Fuel & Resister'!$B$3:$G$6,3,FALSE) -> 6.354 | AO93: 1 | AP93: 1
B94: njo | C94: =VLOOKUP(B94,[1]SYS!$F$5:$G$359,2,FALSE) -> 266 | D94: Coal | E94: 8SAIJO1R | F94: 西条発電所 | G94: 1 | H94: =W94/X94 -> 0.3 | I94: =X94/1000 -> 0.5 | J94: =1-Y94 -> 0.062 | K94: =Z94/1000 -> 2.397 | L94: =AA94/1000 -> 2 | M94: =(I94*10^6*L94/AJ94*AI94/10^6)*24*365/1000 -> 3.1216151 | N94: 5.01 | O94: 903 | P94: 0.05 | Q94: 8 | R94: 1 | S94: 1 | T94: 0 | U94: 1 | V94: 93 | W94: 150 | X94: 500 | Y94: 0.938 | Z94: 2397 | AA94: 2000 | AB94: 501 | AC94: 55 | AD94: =1/Z94*860 -> 0.35878181 | AE94: =1/AA94*860 -> 0.43 | AF94: =(L94-H94*K94)/(1-H94) -> 1.8298571 | AG94: =I94*(L94-AF94) -> 0.085071429 | AH94: =AB94/100 -> 5.01 | AI94: =HLOOKUP(HLOOKUP(G94,'THP2'!$B$4:$J$8,5,FALSE),'Fuel & Resister'!$B$3:$G$6,4,FALSE) -> 2.26424 | AJ94: =HLOOKUP(HLOOKUP(G94,'THP2'!$B$4:$J$8,5,FALSE),'Fuel & Resister'!$B$3:$G$6,3,FALSE) -> 6.354 | AO94: 1 | AP94: 1
B95: ana | C95: =VLOOKUP(B95,[1]SYS!$F$5:$G$359,2,FALSE) -> 260 | D95: Coal | E95: 8TACHIBA | F95: 橘湾発電所（四国電力） | G95: 1 | H95: =W95/X95 -> 0.25714286 | I95: =X95/1000 -> 0.7 | J95: =1-Y95 -> 0.056 | K95: =Z95/1000 -> 2.62163 | L95: =AA95/1000 -> 2.12189 | M95: =(I95*10^6*L95/AJ95*AI95/10^6)*24*365/1000 -> 4.6366067 | N95: 7.28 | O95: 601 | P95: 0.05 | Q95: 8 | R95: 1 | S95: 1 | T95: 0 | U95: 0 | V95: 94 | W95: 180 | X95: 700 | Y95: 0.944 | Z95: 2621.63 | AA95: 2121.89 | AB95: 728 | AC95: 55 | AD95: =1/Z95*860 -> 0.32804019 | AE95: =1/AA95*860 -> 0.40529905 | AF95: =(L95-H95*K95)/(1-H95) -> 1.9489031 | AG95: =I95*(L95-AF95) -> 0.12109085 | AH95: =AB95/100 -> 7.28 | AI95: =HLOOKUP(HLOOKUP(G95,'THP2'!$B$4:$J$8,5,FALSE),'Fuel & Resister'!$B$3:$G$6,4,FALSE) -> 2.26424 | AJ95: =HLOOKUP(HLOOKUP(G95,'THP2'!$B$4:$J$8,5,FALSE),'Fuel & Resister'!$B$3:$G$6,3,FALSE) -> 6.354 | AO95: 0 | AP95: 0
B96: ana | C96: =VLOOKUP(B96,[1]SYS!$F$5:$G$359,2,FALSE) -> 260 | D96: Coal | E96: 8TACHI1L | F96: 橘湾火力発電所（電源開発） | G96: 1 | H96: =W96/X96 -> 0.3 | I96: =X96/1000 -> 1.05 | J96: =1-Y96 -> 0.0539 | K96: =Z96/1000 -> 2.59637 | L96: =AA96/1000 -> 2.16634 | M96: =(I96*10^6*L96/AJ96*AI96/10^6)*24*365/1000 -> 7.1006037 | N96: 16.2867 | O96: 403 | P96: 0.05 | Q96: 8 | R96: 1 | S96: 1 | T96: 0 | U96: 0 | V96: 95 | W96: 315 | X96: 1050 | Y96: 0.9461 | Z96: 2596.37 | AA96: 2166.34 | AB96: 1628.67 | AC96: 55 | AD96: =1/Z96*860 -> 0.33123168 | AE96: =1/AA96*860 -> 0.39698293 | AF96: =(L96-H96*K96)/(1-H96) -> 1.9820414 | AG96: =I96*(L96-AF96) -> 0.1935135 | AH96: =AB96/100 -> 16.2867 | AI96: =HLOOKUP(HLOOKUP(G96,'THP2'!$B$4:$J$8,5,FALSE),'Fuel & Resister'!$B$3:$G$6,4,FALSE) -> 2.26424 | AJ96: =HLOOKUP(HLOOKUP(G96,'THP2'!$B$4:$J$8,5,FALSE),'Fuel & Resister'!$B$3:$G$6,3,FALSE) -> 6.354 | AO96: 0 | AP96: 0
B97: ana | C97: =VLOOKUP(B97,[1]SYS!$F$5:$G$359,2,FALSE) -> 260 | D97: Coal | E97: 8TACHI2L | F97: 橘湾火力発電所（電源開発） | G97: 1 | H97: =W97/X97 -> 0.3 | I97: =X97/1000 -> 1.05 | J97: =1-Y97 -> 0.0521 | K97: =Z97/1000 -> 2.59637 | L97: =AA97/1000 -> 2.16634 | M97: =(I97*10^6*L97/AJ97*AI97/10^6)*24*365/1000 -> 7.1006037 | N97: 16.2867 | O97: 1004 | P97: 0.05 | Q97: 8 | R97: 1 | S97: 1 | T97: 0 | U97: 0 | V97: 96 | W97: 315 | X97: 1050 | Y97: 0.9479 | Z97: 2596.37 | AA97: 2166.34 | AB97: 1628.67 | AC97: 55 | AD97: =1/Z97*860 -> 0.33123168 | AE97: =1/AA97*860 -> 0.39698293 | AF97: =(L97-H97*K97)/(1-H97) -> 1.9820414 | AG97: =I97*(L97-AF97) -> 0.1935135 | AH97: =AB97/100 -> 16.2867 | AI97: =HLOOKUP(HLOOKUP(G97,'THP2'!$B$4:$J$8,5,FALSE),'Fuel & Resister'!$B$3:$G$6,4,FALSE) -> 2.26424 | AJ97: =HLOOKUP(HLOOKUP(G97,'THP2'!$B$4:$J$8,5,FALSE),'Fuel & Resister'!$B$3:$G$6,3,FALSE) -> 6.354 | AO97: 0 | AP97: 0
B98: kuc | C98: =VLOOKUP(B98,[1]SYS!$F$5:$G$359,2,FALSE) -> 268 | D98: Coal | E98: 8IP-TAIH | F98: 太平洋セメント株式会社土佐工場 | G98: 1 | H98: =W98/X98 -> 0.31428571 | I98: =X98/1000 -> 0.035 | J98: =1-Y98 -> 0.064 | K98: =Z98/1000 -> 2.62159 | L98: =AA98/1000 -> 2.18739 | M98: =(I98*10^6*L98/AJ98*AI98/10^6)*24*365/1000 -> 0.23898664 | N98: 0.28 | O98: 903 | P98: 0 | Q98: 8 | R98: 1 | S98: 1 | T98: 0 | U98: 1 | V98: 97 | W98: 11 | X98: 35 | Y98: 0.936 | Z98: 2621.59 | AA98: 2187.39 | AB98: 28 | AC98: 55 | AD98: =1/Z98*860 -> 0.32804519 | AE98: =1/AA98*860 -> 0.39316263 | AF98: =(L98-H98*K98)/(1-H98) -> 1.9883817 | AG98: =I98*(L98-AF98) -> 0.0069652917 | AH98: =AB98/100 -> 0.28 | AI98: =HLOOKUP(HLOOKUP(G98,'THP2'!$B$4:$J$8,5,FALSE),'Fuel & Resister'!$B$3:$G$6,4,FALSE) -> 2.26424 | AJ98: =HLOOKUP(HLOOKUP(G98,'THP2'!$B$4:$J$8,5,FALSE),'Fuel & Resister'!$B$3:$G$6,3,FALSE) -> 6.354 | AO98: 1 | AP98: 1
B99: njo | C99: =VLOOKUP(B99,[1]SYS!$F$5:$G$359,2,FALSE) -> 266 | D99: Coal | E99: 8IP-SUMI | F99: 壬生川火力発電所 | G99: 1 | H99: =W99/X99 -> 0.30222222 | I99: =X99/1000 -> 0.225 | J99: =1-Y99 -> 0.064 | K99: =Z99/1000 -> 2.62159 | L99: =AA99/1000 -> 2.18739 | M99: =(I99*10^6*L99/AJ99*AI99/10^6)*24*365/1000 -> 1.5363427 | N99: 1.8842 | O99: 504 | P99: 0 | Q99: 8 | R99: 1 | S99: 1 | T99: 0 | U99: 1 | V99: 98 | W99: 68 | X99: 225 | Y99: 0.936 | Z99: 2621.59 | AA99: 2187.39 | AB99: 188.42 | AC99: 55 | AD99: =1/Z99*860 -> 0.32804519 | AE99: =1/AA99*860 -> 0.39316263 | AF99: =(L99-H99*K99)/(1-H99) -> 1.9993289 | AG99: =I99*(L99-AF99) -> 0.042313758 | AH99: =AB99/100 -> 1.8842 | AI99: =HLOOKUP(HLOOKUP(G99,'THP2'!$B$4:$J$8,5,FALSE),'Fuel & Resister'!$B$3:$G$6,4,FALSE) -> 2.26424 | AJ99: =HLOOKUP(HLOOKUP(G99,'THP2'!$B$4:$J$8,5,FALSE),'Fuel & Resister'!$B$3:$G$6,3,FALSE) -> 6.354 | AO99: 1 | AP99: 1
B100: kuc | C100: =VLOOKUP(B100,[1]SYS!$F$5:$G$359,2,FALSE) -> 268 | D100: Coal | E100: 8TAIH-TS | F100: 土佐発電所 | G100: 1 | H100: =W100/X100 -> 0.2994012 | I100: =X100/1000 -> 0.167 | J100: =1-Y100 -> 0.06 | K100: =Z100/1000 -> 2.7124 | L100: =AA100/1000 -> 2.26316 | M100: =(I100*10^6*L100/AJ100*AI100/10^6)*24*365/1000 -> 1.1798073 | N100: 1.336 | O100: 201 | P100: 0 | Q100: 8 | R100: 1 | S100: 1 | T100: 0 | U100: 1 | V100: 99 | W100: 50 | X100: 167 | Y100: 0.94 | Z100: 2712.4 | AA100: 2263.16 | AB100: 133.6 | AC100: 55 | AD100: =1/Z100*860 -> 0.31706238 | AE100: =1/AA100*860 -> 0.37999965 | AF100: =(L100-H100*K100)/(1-H100) -> 2.0711771 | AG100: =I100*(L100-AF100) -> 0.032061145 | AH100: =AB100/100 -> 1.336 | AI100: =HLOOKUP(HLOOKUP(G100,'THP2'!$B$4:$J$8,5,FALSE),'Fuel & Resister'!$B$3:$G$6,4,FALSE) -> 2.26424 | AJ100: =HLOOKUP(HLOOKUP(G100,'THP2'!$B$4:$J$8,5,FALSE),'Fuel & Resister'!$B$3:$G$6,3,FALSE) -> 6.354 | AO100: 1 | AP100: 1
B101: msm | C101: =VLOOKUP(B101,[1]SYS!$F$5:$G$359,2,FALSE) -> 271 | D101: Coal | E101: 8MAR-SEI | F101: 丸住製紙大江工場 | G101: 1 | H101: =W101/X101 -> 0.3015873 | I101: =X101/1000 -> 0.189 | J101: =1-Y101 -> 0.062 | K101: =Z101/1000 -> 2.74117 | L101: =AA101/1000 -> 2.28716 | M101: =(I101*10^6*L101/AJ101*AI101/10^6)*24*365/1000 -> 1.3493907 | N101: 1.512 | O101: 1106 | P101: 0 | Q101: 8 | R101: 1 | S101: 1 | T101: 0 | U101: 1 | V101: 100 | W101: 57 | X101: 189 | Y101: 0.938 | Z101: 2741.17 | AA101: 2287.16 | AB101: 151.2 | AC101: 55 | AD101: =1/Z101*860 -> 0.31373465 | AE101: =1/AA101*860 -> 0.37601217 | AF101: =(L101-H101*K101)/(1-H101) -> 2.0911102 | AG101: =I101*(L101-AF101) -> 0.037053407 | AH101: =AB101/100 -> 1.512 | AI101: =HLOOKUP(HLOOKUP(G101,'THP2'!$B$4:$J$8,5,FALSE),'Fuel & Resister'!$B$3:$G$6,4,FALSE) -> 2.26424 | AJ101: =HLOOKUP(HLOOKUP(G101,'THP2'!$B$4:$J$8,5,FALSE),'Fuel & Resister'!$B$3:$G$6,3,FALSE) -> 6.354 | AO101: 1 | AP101: 1
B102: msm | C102: =VLOOKUP(B102,[1]SYS!$F$5:$G$359,2,FALSE) -> 271 | D102: Coal | E102: 8DAI-MSM | F102: 大王製紙三島工場 | G102: 1 | H102: =W102/X102 -> 0.30057803 | I102: =X102/1000 -> 0.519 | J102: =1-Y102 -> 0.062 | K102: =Z102/1000 -> 2.74117 | L102: =AA102/1000 -> 2.28716 | M102: =(I102*10^6*L102/AJ102*AI102/10^6)*24*365/1000 -> 3.7054696 | N102: 5.2257 | O102: 1103 | P102: 0 | Q102: 8 | R102: 1 | S102: 1 | T102: 0 | U102: 1 | V102: 101 | W102: 156 | X102: 519 | Y102: 0.938 | Z102: 2741.17 | AA102: 2287.16 | AB102: 522.57 | AC102: 55 | AD102: =1/Z102*860 -> 0.31373465 | AE102: =1/AA102*860 -> 0.37601217 | AF102: =(L102-H102*K102)/(1-H102) -> 2.0920483 | AG102: =I102*(L102-AF102) -> 0.10126299 | AH102: =AB102/100 -> 5.2257 | AI102: =HLOOKUP(HLOOKUP(G102,'THP2'!$B$4:$J$8,5,FALSE),'Fuel & Resister'!$B$3:$G$6,4,FALSE) -> 2.26424 | AJ102: =HLOOKUP(HLOOKUP(G102,'THP2'!$B$4:$J$8,5,FALSE),'Fuel & Resister'!$B$3:$G$6,3,FALSE) -> 6.354 | AO102: 1 | AP102: 1
B103: ana | C103: =VLOOKUP(B103,[1]SYS!$F$5:$G$359,2,FALSE) -> 260 | D103: Coal | E103: 8OJI-TOM | F103: 王子製紙富岡工場 | G103: 1 | H103: =W103/X103 -> 0.3015873 | I103: =X103/1000 -> 0.126 | J103: =1-Y103 -> 0.062 | K103: =Z103/1000 -> 2.74117 | L103: =AA103/1000 -> 2.28716 | M103: =(I103*10^6*L103/AJ103*AI103/10^6)*24*365/1000 -> 0.89959378 | N103: 1.008 | O103: 200 | P103: 0 | Q103: 8 | R103: 1 | S103: 1 | T103: 0 | U103: 1 | V103: 102 | W103: 38 | X103: 126 | Y103: 0.938 | Z103: 2741.17 | AA103: 2287.16 | AB103: 100.8 | AC103: 55 | AD103: =1/Z103*860 -> 0.31373465 | AE103: =1/AA103*860 -> 0.37601217 | AF103: =(L103-H103*K103)/(1-H103) -> 2.0911102 | AG103: =I103*(L103-AF103) -> 0.024702271 | AH103: =AB103/100 -> 1.008 | AI103: =HLOOKUP(HLOOKUP(G103,'THP2'!$B$4:$J$8,5,FALSE),'Fuel & Resister'!$B$3:$G$6,4,FALSE) -> 2.26424 | AJ103: =HLOOKUP(HLOOKUP(G103,'THP2'!$B$4:$J$8,5,FALSE),'Fuel & Resister'!$B$3:$G$6,3,FALSE) -> 6.354 | AO103: 1 | AP103: 1
B104: kuc | C104: =VLOOKUP(B104,[1]SYS!$F$5:$G$359,2,FALSE) -> 268 | D104: Coal | E104: 8TOSA1 | F104: 住友大阪セメント高知工場 | G104: 1 | H104: =W104/X104 -> 0.29411765 | I104: =X104/1000 -> 0.068 | J104: =1-Y104 -> 0 | K104: =Z104/1000 -> 2.80085 | L104: =AA104/1000 -> 2.33696 | M104: =(I104*10^6*L104/AJ104*AI104/10^6)*24*365/1000 -> 0.4960661 | N104: 0.544 | O104: 1103 | P104: 0 | Q104: 8 | R104: 1 | S104: 1 | T104: 0 | U104: 1 | V104: 103 | W104: 20 | X104: 68 | Y104: 1 | Z104: 2800.85 | AA104: 2336.96 | AB104: 54.4 | AC104: 55 | AD104: =1/Z104*860 -> 0.30704965 | AE104: =1/AA104*860 -> 0.36799945 | AF104: =(L104-H104*K104)/(1-H104) -> 2.1436725 | AG104: =I104*(L104-AF104) -> 0.01314355 | AH104: =AB104/100 -> 0.544 | AI104: =HLOOKUP(HLOOKUP(G104,'THP2'!$B$4:$J$8,5,FALSE),'Fuel & Resister'!$B$3:$G$6,4,FALSE) -> 2.26424 | AJ104: =HLOOKUP(HLOOKUP(G104,'THP2'!$B$4:$J$8,5,FALSE),'Fuel & Resister'!$B$3:$G$6,3,FALSE) -> 6.354 | AO104: 1 | AP104: 1
B105: kuc | C105: =VLOOKUP(B105,[1]SYS!$F$5:$G$359,2,FALSE) -> 268 | D105: Coal | E105: 8TOSA2 | F105: 住友大阪セメント高知工場 | G105: 1 | H105: =W105/X105 -> 0.30487805 | I105: =X105/1000 -> 0.082 | J105: =1-Y105 -> 0 | K105: =Z105/1000 -> 2.80085 | L105: =AA105/1000 -> 2.33696 | M105: =(I105*10^6*L105/AJ105*AI105/10^6)*24*365/1000 -> 0.59819735 | N105: 0.656 | O105: 1204 | P105: 0 | Q105: 8 | R105: 1 | S105: 1 | T105: 0 | U105: 1 | V105: 104 | W105: 25 | X105: 82 | Y105: 1 | Z105: 2800.85 | AA105: 2336.96 | AB105: 65.6 | AC105: 55 | AD105: =1/Z105*860 -> 0.30704965 | AE105: =1/AA105*860 -> 0.36799945 | AF105: =(L105-H105*K105)/(1-H105) -> 2.1334995 | AG105: =I105*(L105-AF105) -> 0.016683763 | AH105: =AB105/100 -> 0.656 | AI105: =HLOOKUP(HLOOKUP(G105,'THP2'!$B$4:$J$8,5,FALSE),'Fuel & Resister'!$B$3:$G$6,4,FALSE) -> 2.26424 | AJ105: =HLOOKUP(HLOOKUP(G105,'THP2'!$B$4:$J$8,5,FALSE),'Fuel & Resister'!$B$3:$G$6,3,FALSE) -> 6.354 | AO105: 1 | AP105: 1
...

Sheet THP2
A3: =COLUMNS(PUC) -> 9 | B3: =VLOOKUP(B4,$C$21:$D$25,2,FALSE) -> Nuclear | C3: =VLOOKUP(C4,$C$21:$D$25,2,FALSE) -> Coal | D3: =VLOOKUP(D4,$C$21:$D$25,2,FALSE) -> LNG ST | E3: =VLOOKUP(E4,$C$21:$D$25,2,FALSE) -> LNG GCC | F3: =VLOOKUP(F4,$C$21:$D$25,2,FALSE) -> Oil | G3: NH3_20% | H3: NH3_50% | I3: H2_30% | J3: H2_100%
A4: Plant Type | B4: 0 | C4: 1 | D4: 2 | E4: 3 | F4: 4 | G4: 5 | H4: 6 | I4: 7 | J4: 8
A5: Unit Construction Cost [kYen/kW] | B5: 400 | C5: 270 | D5: 170 | E5: 100 | F5: 145 | G5: 270 | H5: 270 | I5: 100 | J5: 100
A6: Life Time [year] | B6: 40 | C6: 40 | D6: 40 | E6: 40 | F6: 40 | G6: 40 | H6: 40 | I6: 40 | J6: 40
A7: Annual O&M Cost Rate | B7: 0.04 | C7: 0.048 | D7: 0.036 | E7: 0.036 | F7: 0.039 | G7: 0.048 | H7: 0.048 | I7: 0.036 | J7: 0.036
A8: Fuel Type | B8: 3 | C8: 2 | D8: 0 | E8: 0 | F8: 1 | G8: 4 | H8: 5 | I8: 0 | J8: 0
A9: R in Boiler (0:No, 1:Yes) | B9: 0 | C9: 1 | D9: 1 | E9: 0 | F9: 1 | G9: 1 | H9: 1 | I9: 0 | J9: 0
A10: R in Condenser (0:No, 1:Yes) | B10: 1 | C10: 1 | D10: 1 | E10: 1 | F10: 1 | G10: 1 | H10: 1 | I10: 1 | J10: 1
A11: Minimun Stut-down Time [hour] | B11: 12 | C11: 8 | D11: 8 | E11: 4 | F11: 8 | G11: 8 | H11: 8 | I11: 4 | J11: 4 | M11: 12 | N11: 8 | O11: 8 | P11: 4 | Q11: 8
A12: Minimun Operation Time [hour] | B12: 12 | C12: 4 | D12: 2 | E12: 1 | F12: 2 | G12: 4 | H12: 4 | I12: 1 | J12: 1 | M12: 12 | N12: 4 | O12: 2 | P12: 1 | Q12: 2
A13: Load Following Capability | B13: 0 | C13: 1 | D13: 1 | E13: 1 | F13: 1 | G13: 1 | H13: 1 | I13: 1 | J13: 1
A14: Annual Maintenance Period [day] | B14: 60 | C14: 55 | D14: 46 | E14: 36 | F14: 46 | G14: 55 | H14: 55 | I14: 36 | J14: 36
A15: Carbon Capture Construction Cost [kyen/(t-CO2/year)] | B15: 0 | C15: =116*1000/(24*365) -> 13.242009 | D15: =116*1000/(24*365) -> 13.242009 | E15: =116*1000/(24*365) -> 13.242009 | F15: =116*1000/(24*365) -> 13.242009 | G15: =116*1000/(24*365) -> 13.242009 | H15: =116*1000/(24*365) -> 13.242009 | I15: =116*1000/(24*365) -> 13.242009 | J15: =116*1000/(24*365) -> 13.242009 | M15: CCS 諸元 | N15: https://www.meti.go.jp/press/2020/05/20200515002/20200515002-1.pdf
A16: Carbon Capture Life Time [year] | B16: 0 | C16: 25 | D16: 25 | E16: 25 | F16: 25 | G16: 25 | H16: 25 | I16: 25 | J16: 25 | N16: https://criepi.denken.or.jp/hokokusho/pb/reportDownload?reportNoUkCode=M20002&tenpuTypeCode=30&seqNo=1&reportId=9011
A17: Electricity Consumption with CCS [kWh/t] | B17: 0 | C17: 106 | D17: 120 | E17: 120 | F17: 106 | G17: 106 | H17: 106 | I17: 120 | J17: 120
C21: 0 | D21: Nuclear
C22: 1 | D22: Coal
C23: 2 | D23: LNG ST
C24: 3 | D24: LNG GCC
C25: 4 | D25: Oil

Sheet Fuel & Resister
B1: 6
A2: Type | B2: Natural Gas | C2: Oil | D2: Coal | E2: Nuclear | F2: Coal-NH3_20% | G2: Coal-NH3_50% | I2: Cost of Resistance in Boiler [kYen/kW/year] | J2: 0.3 | M2: NH3 Fuel Cost(yen/kg)
A3: Plant Type Number | B3: 0 | C3: 1 | D3: 2 | E3: 3 | F3: 4 | G3: 5 | I3: Cost of Resistance in Condenser [kYen/kW/year] | J3: 0.2 | M3: =317*120/1000 -> 38.04
A4: Fuel Cost [Yen/specific unit] | B4: =B9*B5*1000 -> 65.813076 | C4: =C9*C5*1000 -> 68.874956 | D4: =D9*D5*1000 -> 11.971832 | E4: 1.7 | F4: =$M$3*0.29/1.29+$D$4*1/1.29 -> 17.832118 | G4: =$M$3*26.1/48.6+$D$4*22.5/48.6 -> 25.971404 | O4: cal | P4: J | S4: Btu | T4: J | W4: kWh | X4: J
A5: Heat Content[Mcal/specific unit] | B5: 13.019 | C5: 9.842 | D5: 6.354 | E5: 2.47839 | F5: =$D$5*1/1.29+22.5/($T$8*1000)*$U$8*0.29/1.29 -> 6.1345057 | G5: =$D$5*22.5/48.6+22.5/($T$8*1000)*$U$8*26.1/48.6 -> 5.8296526 | M5: NH3 Fuel Cost(yen/GWh) | O5: 1 | P5: 4.184 | S5: 1 | T5: 1055.06 | W5: 1 | X5: 3600000
A6: CO2 Intensity[kg-CO2/specific unit] | B6: 2.7360667 | C6: 2.88904 | D6: 2.26424 | E6: 0 | F6: =$D$6*100/129 -> 1.7552248 | G6: =$D$6*22.5/48.6 -> 1.0482593 | I6: =22.5/($T$8*1000)*$U$8 -> 5.377629 | M6: =M3/22.5*X5 -> 6086400
A7: Specific Unit | B7: kg | C7: liter | D7: kg | E7: kWh | F7: kg | G7: kg | S7: MMBtu | T7: GJ | U7: Mcal | W7: ktoe | X7: Mcal
I8: =HLOOKUP(B2,B2:E3,2,FALSE) -> 0 | O8: toe | P8: J | Q8: cal | S8: 1 | T8: 1.05506 | U8: 252.16539 | W8: 1 | X8: 1.00382.E+07
A9: Cost [kYen/Mcal] | B9: 0.005055156 | C9: 0.006998065 | D9: 0.001884141 | G9: =G4/1000/G5 -> 0.0044550517 | O9: 1 | P9: 42000000000 | Q9: 10040000000
B11: =B4/B5 -> 5.055156 | D11: =D4/D5 -> 1.884141 | F11: =22.5/(26.1+22.5)*2.26424/G5 -> 0.17981505 | G11: =G4/G5 -> 4.4550517
F12: =B6/B5 -> 0.21015951 | G12: =B4/B5 -> 5.055156 | U12: =7*3.195/3 -> 7.455
F13: =(6.2897-4.4550516)/(0.179815-0.155545) -> 75.593259 | G13: =(6.2897-5.055156)/(0.2101595-0.155545) -> 22.604693 | U13: =U12/(U12+1) -> 0.88172679
B14: =9/0.86 -> 10.465116 | F14: =(2.26424/1.29)/(6.354/1.29+0.29*5.377/1.29) -> 0.28612986 | G14: =(D4/1.29+0.29*38.04/1.29)/(6.354/1.29+0.29*5.377/1.29) -> 2.9069219 | U14: =30/12.8*(1.05506*1000/252.1654) -> 9.8062497
E15: Mt-CO2/ktoe | G15: =(4.4550516-2.9069218)/(0.28613-0.179815) -> 14.561725 | I15: kt-CO2/Mcal*(Mcal/ktoe) | M15: =26.1/22.5/4 -> 0.29 | U15: =(9.80625-6.2897)/0.155545 -> 22.607927
I16: =B6/B5*(Q9/10^6*10^3)/10^6 -> 2.1100015 | U16: =(9.80625-4.4550516)/0.179815 -> 29.759466
I17: =I16/1000 -> 0.0021100015

Sheet Usage Rate
E1: Without Unit Commitment
D2: Seasonal Change Factors
D3: =COLUMNS(USR) -> 6 | E3: Pattern 1 | F3: Pattern 2 | G3: Pattern 3 | H3: Pattern 4 | I3: Pattern 5 | J3: Pattern 6
D4: Average | E4: =SUM(E5:E369)/365 -> 0.7507523 | F4: =SUM(F5:F369)/365 -> 0.75335729 | G4: =SUM(G5:G369)/365 -> 0.74794521 | H4: =SUM(H5:H369)/365 -> 0.74794521 | I4: =SUM(I5:I369)/365 -> 1 | J4: =SUM(J5:J369)/365 -> 0
D5: 40909 | E5: 0 | F5: 1 | G5: 1 | H5: 1 | I5: 1 | J5: 0
D6: 40910 | E6: 0 | F6: 1 | G6: 1 | H6: 1 | I6: 1 | J6: 0
D7: 40911 | E7: 0 | F7: 1 | G7: 1 | H7: 1 | I7: 1 | J7: 0
D8: 40912 | E8: 0 | F8: 1 | G8: 1 | H8: 1 | I8: 1 | J8: 0
D9: 40913 | E9: 0 | F9: 1 | G9: 1 | H9: 1 | I9: 1 | J9: 0
D10: 40914 | E10: 0 | F10: 1 | G10: 1 | H10: 1 | I10: 1 | J10: 0
D11: 40915 | E11: 0 | F11: 1 | G11: 1 | H11: 1 | I11: 1 | J11: 0
D12: 40916 | E12: 0 | F12: 1 | G12: 1 | H12: 1 | I12: 1 | J12: 0
D13: 40917 | E13: 0 | F13: 1 | G13: 1 | H13: 1 | I13: 1 | J13: 0
D14: 40918 | E14: 0 | F14: 1 | G14: 1 | H14: 1 | I14: 1 | J14: 0
D15: 40919 | E15: 0 | F15: 1 | G15: 1 | H15: 1 | I15: 1 | J15: 0
D16: 40920 | E16: 0 | F16: 1 | G16: 1 | H16: 1 | I16: 1 | J16: 0
... D369: 41274 | E369: 0.016129032 | F369: 1 | G369: 1 | H369: 0.98387097 | I369: 1 | J369: 0
